ID_Producto;Nombre_Producto;Categoria;Subcategoria;Marca
1;Rosas Rojas x12;Flores y Regalos;Flores;FloraCol
2;Rosas Blancas x6;Flores y Regalos;Flores;FloraCol
3;Arreglo Floral Premium;Flores y Regalos;Arreglos;FloraCol
4;Girasoles x5;Flores y Regalos;Flores;NaturBloom
5;Caja de Chocolates 200g;Alimentos;Confitería;Jet
6;Chocolates Ferrero 16u;Alimentos;Confitería;Ferrero
7;Chocolates Toblerone;Alimentos;Confitería;Toblerone
8;Trufa Belga Surtida;Alimentos;Confitería;Leonidas
9;Perfume Mujer 100ml;Belleza;Fragancias;Zara
10;Perfume Hombre 75ml;Belleza;Fragancias;Zara
11;Colonia Unisex 50ml;Belleza;Fragancias;Calvin Klein
12;Set Perfume + Loción;Belleza;Fragancias;Victoria S.
13;Vela Aromática;Hogar;Decoración;Yankee
14;Globos Corazón x10;Flores y Regalos;Decoración;Party Land
15;Peluche Oso Grande;Juguetes;Peluches;Hasbro
16;Peluche Pequeño;Juguetes;Peluches;Hasbro
17;Tarjeta San Valentín;Flores y Regalos;Tarjetas;Hallmark
18;Champagne Brut 750ml;Bebidas;Licores;Moët
19;Vino Rosé 750ml;Bebidas;Licores;Gato Negro
20;Copa de Cristal x2;Hogar;Menaje;Luminarc
21;"TV 55"" 4K UHD";Electrónica;Televisores;Samsung
22;"TV 65"" QLED";Electrónica;Televisores;Samsung
23;"TV 43"" Full HD";Electrónica;Televisores;LG
24;"Smart TV 50"" 4K";Electrónica;Televisores;Sony
25;"TV 32"" HD";Electrónica;Televisores;Kalley
26;Barra de Sonido 2.1;Electrónica;Audio;Samsung
27;Parlante Bluetooth;Electrónica;Audio;JBL
28;Papas Fritas 200g;Alimentos;Snacks;Pringles
29;Papas Ruffles 150g;Alimentos;Snacks;Ruffles
30;Maní con Sal 250g;Alimentos;Snacks;Planters
31;Nachos con Queso 180g;Alimentos;Snacks;Barcel
32;Cerveza Pack x6;Bebidas;Cervezas;Club Colombia
33;Cerveza Águila x6;Bebidas;Cervezas;Águila
34;Gaseosa Cola 3L;Bebidas;Gaseosas;Coca-Cola
35;Gaseosa Cola 2L;Bebidas;Gaseosas;Pepsi
36;Agua Mineral 1.5L;Bebidas;Agua;Cristal
37;Jugo Natural 1L;Bebidas;Jugos;Del Valle
38;Camiseta Selección Col;Ropa Deportiva;Fútbol;Adidas
39;Balón de Fútbol N°5;Deportes;Fútbol;Adidas
40;Silla Plegable Exterior;Hogar;Muebles;Rimax
41;Leche Entera 1L;Alimentos;Lácteos;Alquería
42;Yogur Natural 900g;Alimentos;Lácteos;Alpina
43;Queso Campesino 500g;Alimentos;Lácteos;Colanta
44;Huevos AA x12;Alimentos;Huevos;Santa Reyes
45;Arroz Premium 5kg;Alimentos;Granos;Roa
46;Frijol Rojo 500g;Alimentos;Granos;Gustositos
47;Aceite Girasol 1L;Alimentos;Aceites;Oleocali
48;Harina de Maíz 1kg;Alimentos;Harinas;Pan Pa Ya
49;Azúcar Blanca 2.5kg;Alimentos;Despensa;Manuelita
50;Café Molido 500g;Alimentos;Café;Juan Valdez
51;Café Instantáneo 170g;Alimentos;Café;Nescafé
52;Pasta Espagueti 500g;Alimentos;Pastas;Doria
53;Atún en Lata 160g;Alimentos;Conservas;Van Camps
54;Sardinas en Salsa;Alimentos;Conservas;Calvo
55;Pan Tajado;Alimentos;Panadería;Bimbo
56;Galletas Oreo 432g;Alimentos;Galletas;Oreo
57;Cereal Choco Krispis;Alimentos;Cereales;Kellogg's
58;Avena en Hojuelas 500g;Alimentos;Cereales;Quaker
59;Mantequilla 250g;Alimentos;Lácteos;Colanta
60;Mermelada Fresa 300g;Alimentos;Dulces;Fruco
61;Gatorade 600ml;Bebidas;Isotónicas;Gatorade
62;Red Bull 250ml;Bebidas;Energizantes;Red Bull
63;Té Helado 500ml;Bebidas;Tés;Arizona
64;Agua de Coco 330ml;Bebidas;Jugos;Coco Real
65;Shampoo 400ml;Aseo Personal;Cabello;Head & Shoulders
66;Acondicionador 400ml;Aseo Personal;Cabello;Pantene
67;Jabón Líquido 250ml;Aseo Personal;Cuerpo;Dove
68;Desodorante Spray;Aseo Personal;Desodorantes;Rexona
69;Crema Dental 150g;Aseo Personal;Dental;Colgate
70;Cepillo de Dientes;Aseo Personal;Dental;Oral-B
71;Bloqueador Solar 120ml;Belleza;Cuidado Piel;Eucerin
72;Crema Corporal 400ml;Belleza;Cuidado Piel;Nivea
73;Máquina de Afeitar;Aseo Personal;Afeitado;Gillette
74;Espuma de Afeitar 200ml;Aseo Personal;Afeitado;Gillette
75;Detergente Ariel 3kg;Aseo Hogar;Lavandería;Ariel
76;Suavizante 1L;Aseo Hogar;Lavandería;Downy
77;Limpiapisos 1L;Aseo Hogar;Limpieza;Fabuloso
78;Desengrasante 500ml;Aseo Hogar;Limpieza;Ajax
79;Papel Higiénico x12;Aseo Hogar;Papel;Familia
80;Toallas de Cocina x2;Aseo Hogar;Papel;Scott
81;Bolsas Basura x20;Aseo Hogar;Desechables;Familia
82;Esponja Doble Uso x2;Aseo Hogar;Limpieza;Scotch-Brite
83;Audífonos Inalámbricos;Electrónica;Audio;Sony
84;Cargador USB-C 25W;Electrónica;Accesorios;Samsung
85;Cable HDMI 2m;Electrónica;Cables;Ugreen
86;Mouse Inalámbrico;Electrónica;Periféricos;Logitech
87;Teclado Bluetooth;Electrónica;Periféricos;Logitech
88;Lámpara LED Escritorio;Electrónica;Iluminación;Philips
89;Power Bank 10000mAh;Electrónica;Accesorios;Anker
90;Funda para Celular;Electrónica;Accesorios;Spigen
91;Juego de Sábanas Q;Hogar;Ropa de Cama;SpringBed
92;Almohada Fibra;Hogar;Ropa de Cama;Cannon
93;Toalla de Baño;Hogar;Baño;Artex
94;Set Vasos x6;Hogar;Menaje;Luminarc
95;Sartén Antiadherente;Hogar;Cocina;Tefal
96;Olla a Presión 4L;Hogar;Cocina;Imusa
97;Organizador Cajón;Hogar;Organización;IKEA
98;Cesto Ropa Sucia;Hogar;Baño;Rimax
99;Camiseta Básica Hombre;Ropa;Camisetas;Totto
100;Jean Slim Mujer;Ropa;Pantalones;Studio F
101;Buzo Hoodie;Ropa;Ropa Abrigo;Adidas
102;Calcetines x3;Ropa;Ropa Interior;Punto Blanco
103;Tenis Casual;Calzado;Tenis;Nike
104;Zapatillas Running;Calzado;Running;Adidas
105;Sandalias;Calzado;Sandalias;Crocs
106;Colchoneta Yoga;Deportes;Fitness;Buen Cuerpo
107;Mancuernas 5kg par;Deportes;Fitness;Athletic Works
108;Cuerda para Saltar;Deportes;Fitness;Athletic Works
109;Termo 1L;Deportes;Accesorios;Quechua
110;Lego Classic 500pz;Juguetes;Construcción;LEGO
111;Muñeca Articulada;Juguetes;Muñecas;Barbie
112;Carrito de Colección;Juguetes;Vehículos;Hot Wheels
113;Rompecabezas 1000pz;Juguetes;Educativos;Ravensburger
114;Juego de Mesa Monopolio;Juguetes;Juegos Mesa;Hasbro
115;Resma Papel Carta 500h;Papelería;Papel;Chamex
116;Esfero Azul x12;Papelería;Escritura;BIC
117;Cuaderno Universitario;Papelería;Cuadernos;Norma
118;Marcadores x8 colores;Papelería;Escritura;Stabilo
119;Pegante en Barra;Papelería;Adhesivos;UHU
