ID_Tiempo;Fecha;Dia;Mes;Anio;Dia_Semana;Trimestre
1;10/01/2020;10;Enero;2020;Viernes;1
2;11/01/2020;11;Enero;2020;Sábado;1
3;12/01/2020;12;Enero;2020;Domingo;1
4;13/01/2020;13;Enero;2020;Lunes;1
5;14/01/2020;14;Enero;2020;Martes;1
6;15/01/2020;15;Enero;2020;Miércoles;1
7;16/01/2020;16;Enero;2020;Jueves;1
8;17/01/2020;17;Enero;2020;Viernes;1
9;18/01/2020;18;Enero;2020;Sábado;1
10;19/01/2020;19;Enero;2020;Domingo;1
11;20/01/2020;20;Enero;2020;Lunes;1
12;21/01/2020;21;Enero;2020;Martes;1
13;22/01/2020;22;Enero;2020;Miércoles;1
14;23/01/2020;23;Enero;2020;Jueves;1
15;24/01/2020;24;Enero;2020;Viernes;1
16;25/01/2020;25;Enero;2020;Sábado;1
17;26/01/2020;26;Enero;2020;Domingo;1
18;27/01/2020;27;Enero;2020;Lunes;1
19;28/01/2020;28;Enero;2020;Martes;1
20;29/01/2020;29;Enero;2020;Miércoles;1
21;30/01/2020;30;Enero;2020;Jueves;1
22;31/01/2020;31;Enero;2020;Viernes;1
23;1/02/2020;1;Febrero;2020;Sábado;1
24;2/02/2020;2;Febrero;2020;Domingo;1
25;3/02/2020;3;Febrero;2020;Lunes;1
26;4/02/2020;4;Febrero;2020;Martes;1
27;5/02/2020;5;Febrero;2020;Miércoles;1
28;6/02/2020;6;Febrero;2020;Jueves;1
29;7/02/2020;7;Febrero;2020;Viernes;1
30;8/02/2020;8;Febrero;2020;Sábado;1
31;9/02/2020;9;Febrero;2020;Domingo;1
32;10/02/2020;10;Febrero;2020;Lunes;1
33;11/02/2020;11;Febrero;2020;Martes;1
34;12/02/2020;12;Febrero;2020;Miércoles;1
35;13/02/2020;13;Febrero;2020;Jueves;1
36;14/02/2020;14;Febrero;2020;Viernes;1
37;15/02/2020;15;Febrero;2020;Sábado;1
38;16/02/2020;16;Febrero;2020;Domingo;1
39;17/02/2020;17;Febrero;2020;Lunes;1
40;18/02/2020;18;Febrero;2020;Martes;1
41;19/02/2020;19;Febrero;2020;Miércoles;1
42;20/02/2020;20;Febrero;2020;Jueves;1
43;21/02/2020;21;Febrero;2020;Viernes;1
44;22/02/2020;22;Febrero;2020;Sábado;1
45;23/02/2020;23;Febrero;2020;Domingo;1
46;24/02/2020;24;Febrero;2020;Lunes;1
47;25/02/2020;25;Febrero;2020;Martes;1
48;26/02/2020;26;Febrero;2020;Miércoles;1
49;27/02/2020;27;Febrero;2020;Jueves;1
50;28/02/2020;28;Febrero;2020;Viernes;1
51;29/02/2020;29;Febrero;2020;Sábado;1
52;1/03/2020;1;Marzo;2020;Domingo;1
53;2/03/2020;2;Marzo;2020;Lunes;1
54;3/03/2020;3;Marzo;2020;Martes;1
55;4/03/2020;4;Marzo;2020;Miércoles;1
56;5/03/2020;5;Marzo;2020;Jueves;1
57;6/03/2020;6;Marzo;2020;Viernes;1
58;7/03/2020;7;Marzo;2020;Sábado;1
59;8/03/2020;8;Marzo;2020;Domingo;1
60;9/03/2020;9;Marzo;2020;Lunes;1
61;10/03/2020;10;Marzo;2020;Martes;1
62;11/03/2020;11;Marzo;2020;Miércoles;1
63;12/03/2020;12;Marzo;2020;Jueves;1
64;13/03/2020;13;Marzo;2020;Viernes;1
65;14/03/2020;14;Marzo;2020;Sábado;1
66;15/03/2020;15;Marzo;2020;Domingo;1
67;16/03/2020;16;Marzo;2020;Lunes;1
68;17/03/2020;17;Marzo;2020;Martes;1
69;18/03/2020;18;Marzo;2020;Miércoles;1
70;19/03/2020;19;Marzo;2020;Jueves;1
71;20/03/2020;20;Marzo;2020;Viernes;1
72;21/03/2020;21;Marzo;2020;Sábado;1
73;22/03/2020;22;Marzo;2020;Domingo;1
74;23/03/2020;23;Marzo;2020;Lunes;1
75;24/03/2020;24;Marzo;2020;Martes;1
76;25/03/2020;25;Marzo;2020;Miércoles;1
77;26/03/2020;26;Marzo;2020;Jueves;1
78;27/03/2020;27;Marzo;2020;Viernes;1
79;28/03/2020;28;Marzo;2020;Sábado;1
80;29/03/2020;29;Marzo;2020;Domingo;1
81;30/03/2020;30;Marzo;2020;Lunes;1
82;31/03/2020;31;Marzo;2020;Martes;1
83;1/04/2020;1;Abril;2020;Miércoles;2
84;2/04/2020;2;Abril;2020;Jueves;2
85;3/04/2020;3;Abril;2020;Viernes;2
86;4/04/2020;4;Abril;2020;Sábado;2
87;5/04/2020;5;Abril;2020;Domingo;2
88;6/04/2020;6;Abril;2020;Lunes;2
89;7/04/2020;7;Abril;2020;Martes;2
90;8/04/2020;8;Abril;2020;Miércoles;2
91;9/04/2020;9;Abril;2020;Jueves;2
92;10/04/2020;10;Abril;2020;Viernes;2
93;11/04/2020;11;Abril;2020;Sábado;2
94;12/04/2020;12;Abril;2020;Domingo;2
95;13/04/2020;13;Abril;2020;Lunes;2
96;14/04/2020;14;Abril;2020;Martes;2
97;15/04/2020;15;Abril;2020;Miércoles;2
98;16/04/2020;16;Abril;2020;Jueves;2
99;17/04/2020;17;Abril;2020;Viernes;2
100;18/04/2020;18;Abril;2020;Sábado;2
101;19/04/2020;19;Abril;2020;Domingo;2
102;20/04/2020;20;Abril;2020;Lunes;2
103;21/04/2020;21;Abril;2020;Martes;2
104;22/04/2020;22;Abril;2020;Miércoles;2
105;23/04/2020;23;Abril;2020;Jueves;2
106;24/04/2020;24;Abril;2020;Viernes;2
107;25/04/2020;25;Abril;2020;Sábado;2
108;26/04/2020;26;Abril;2020;Domingo;2
109;27/04/2020;27;Abril;2020;Lunes;2
110;28/04/2020;28;Abril;2020;Martes;2
111;29/04/2020;29;Abril;2020;Miércoles;2
112;30/04/2020;30;Abril;2020;Jueves;2
113;1/05/2020;1;Mayo;2020;Viernes;2
114;2/05/2020;2;Mayo;2020;Sábado;2
115;3/05/2020;3;Mayo;2020;Domingo;2
116;4/05/2020;4;Mayo;2020;Lunes;2
117;5/05/2020;5;Mayo;2020;Martes;2
118;6/05/2020;6;Mayo;2020;Miércoles;2
119;7/05/2020;7;Mayo;2020;Jueves;2
120;8/05/2020;8;Mayo;2020;Viernes;2
121;9/05/2020;9;Mayo;2020;Sábado;2
122;10/05/2020;10;Mayo;2020;Domingo;2
123;11/05/2020;11;Mayo;2020;Lunes;2
124;12/05/2020;12;Mayo;2020;Martes;2
125;13/05/2020;13;Mayo;2020;Miércoles;2
126;14/05/2020;14;Mayo;2020;Jueves;2
127;15/05/2020;15;Mayo;2020;Viernes;2
128;16/05/2020;16;Mayo;2020;Sábado;2
129;17/05/2020;17;Mayo;2020;Domingo;2
130;18/05/2020;18;Mayo;2020;Lunes;2
131;19/05/2020;19;Mayo;2020;Martes;2
132;20/05/2020;20;Mayo;2020;Miércoles;2
133;21/05/2020;21;Mayo;2020;Jueves;2
134;22/05/2020;22;Mayo;2020;Viernes;2
135;23/05/2020;23;Mayo;2020;Sábado;2
136;24/05/2020;24;Mayo;2020;Domingo;2
137;25/05/2020;25;Mayo;2020;Lunes;2
138;26/05/2020;26;Mayo;2020;Martes;2
139;27/05/2020;27;Mayo;2020;Miércoles;2
140;28/05/2020;28;Mayo;2020;Jueves;2
141;29/05/2020;29;Mayo;2020;Viernes;2
142;30/05/2020;30;Mayo;2020;Sábado;2
143;31/05/2020;31;Mayo;2020;Domingo;2
144;1/06/2020;1;Junio;2020;Lunes;2
145;2/06/2020;2;Junio;2020;Martes;2
146;3/06/2020;3;Junio;2020;Miércoles;2
147;4/06/2020;4;Junio;2020;Jueves;2
148;5/06/2020;5;Junio;2020;Viernes;2
149;6/06/2020;6;Junio;2020;Sábado;2
150;7/06/2020;7;Junio;2020;Domingo;2
151;8/06/2020;8;Junio;2020;Lunes;2
152;9/06/2020;9;Junio;2020;Martes;2
153;10/06/2020;10;Junio;2020;Miércoles;2
154;11/06/2020;11;Junio;2020;Jueves;2
155;12/06/2020;12;Junio;2020;Viernes;2
156;13/06/2020;13;Junio;2020;Sábado;2
157;14/06/2020;14;Junio;2020;Domingo;2
158;15/06/2020;15;Junio;2020;Lunes;2
159;16/06/2020;16;Junio;2020;Martes;2
160;17/06/2020;17;Junio;2020;Miércoles;2
161;18/06/2020;18;Junio;2020;Jueves;2
162;19/06/2020;19;Junio;2020;Viernes;2
163;20/06/2020;20;Junio;2020;Sábado;2
164;21/06/2020;21;Junio;2020;Domingo;2
165;22/06/2020;22;Junio;2020;Lunes;2
166;23/06/2020;23;Junio;2020;Martes;2
167;24/06/2020;24;Junio;2020;Miércoles;2
168;25/06/2020;25;Junio;2020;Jueves;2
169;26/06/2020;26;Junio;2020;Viernes;2
170;27/06/2020;27;Junio;2020;Sábado;2
171;28/06/2020;28;Junio;2020;Domingo;2
172;29/06/2020;29;Junio;2020;Lunes;2
173;30/06/2020;30;Junio;2020;Martes;2
174;1/07/2020;1;Julio;2020;Miércoles;3
175;2/07/2020;2;Julio;2020;Jueves;3
176;3/07/2020;3;Julio;2020;Viernes;3
177;4/07/2020;4;Julio;2020;Sábado;3
178;5/07/2020;5;Julio;2020;Domingo;3
179;6/07/2020;6;Julio;2020;Lunes;3
180;7/07/2020;7;Julio;2020;Martes;3
181;8/07/2020;8;Julio;2020;Miércoles;3
182;9/07/2020;9;Julio;2020;Jueves;3
183;10/07/2020;10;Julio;2020;Viernes;3
184;11/07/2020;11;Julio;2020;Sábado;3
185;12/07/2020;12;Julio;2020;Domingo;3
186;13/07/2020;13;Julio;2020;Lunes;3
187;14/07/2020;14;Julio;2020;Martes;3
188;15/07/2020;15;Julio;2020;Miércoles;3
189;16/07/2020;16;Julio;2020;Jueves;3
190;17/07/2020;17;Julio;2020;Viernes;3
191;18/07/2020;18;Julio;2020;Sábado;3
192;19/07/2020;19;Julio;2020;Domingo;3
193;20/07/2020;20;Julio;2020;Lunes;3
194;21/07/2020;21;Julio;2020;Martes;3
195;22/07/2020;22;Julio;2020;Miércoles;3
196;23/07/2020;23;Julio;2020;Jueves;3
197;24/07/2020;24;Julio;2020;Viernes;3
198;25/07/2020;25;Julio;2020;Sábado;3
199;26/07/2020;26;Julio;2020;Domingo;3
200;27/07/2020;27;Julio;2020;Lunes;3
201;28/07/2020;28;Julio;2020;Martes;3
202;29/07/2020;29;Julio;2020;Miércoles;3
203;30/07/2020;30;Julio;2020;Jueves;3
204;31/07/2020;31;Julio;2020;Viernes;3
205;1/08/2020;1;Agosto;2020;Sábado;3
206;2/08/2020;2;Agosto;2020;Domingo;3
207;3/08/2020;3;Agosto;2020;Lunes;3
208;4/08/2020;4;Agosto;2020;Martes;3
209;5/08/2020;5;Agosto;2020;Miércoles;3
210;6/08/2020;6;Agosto;2020;Jueves;3
211;7/08/2020;7;Agosto;2020;Viernes;3
212;8/08/2020;8;Agosto;2020;Sábado;3
213;9/08/2020;9;Agosto;2020;Domingo;3
214;10/08/2020;10;Agosto;2020;Lunes;3
215;11/08/2020;11;Agosto;2020;Martes;3
216;12/08/2020;12;Agosto;2020;Miércoles;3
217;13/08/2020;13;Agosto;2020;Jueves;3
218;14/08/2020;14;Agosto;2020;Viernes;3
219;15/08/2020;15;Agosto;2020;Sábado;3
220;16/08/2020;16;Agosto;2020;Domingo;3
221;17/08/2020;17;Agosto;2020;Lunes;3
222;18/08/2020;18;Agosto;2020;Martes;3
223;19/08/2020;19;Agosto;2020;Miércoles;3
224;20/08/2020;20;Agosto;2020;Jueves;3
225;21/08/2020;21;Agosto;2020;Viernes;3
226;22/08/2020;22;Agosto;2020;Sábado;3
227;23/08/2020;23;Agosto;2020;Domingo;3
228;24/08/2020;24;Agosto;2020;Lunes;3
229;25/08/2020;25;Agosto;2020;Martes;3
230;26/08/2020;26;Agosto;2020;Miércoles;3
231;27/08/2020;27;Agosto;2020;Jueves;3
232;28/08/2020;28;Agosto;2020;Viernes;3
233;29/08/2020;29;Agosto;2020;Sábado;3
234;30/08/2020;30;Agosto;2020;Domingo;3
235;31/08/2020;31;Agosto;2020;Lunes;3
236;1/09/2020;1;Septiembre;2020;Martes;3
237;2/09/2020;2;Septiembre;2020;Miércoles;3
238;3/09/2020;3;Septiembre;2020;Jueves;3
239;4/09/2020;4;Septiembre;2020;Viernes;3
240;5/09/2020;5;Septiembre;2020;Sábado;3
241;6/09/2020;6;Septiembre;2020;Domingo;3
242;7/09/2020;7;Septiembre;2020;Lunes;3
243;8/09/2020;8;Septiembre;2020;Martes;3
244;9/09/2020;9;Septiembre;2020;Miércoles;3
245;10/09/2020;10;Septiembre;2020;Jueves;3
246;11/09/2020;11;Septiembre;2020;Viernes;3
247;12/09/2020;12;Septiembre;2020;Sábado;3
248;13/09/2020;13;Septiembre;2020;Domingo;3
249;14/09/2020;14;Septiembre;2020;Lunes;3
250;15/09/2020;15;Septiembre;2020;Martes;3
251;16/09/2020;16;Septiembre;2020;Miércoles;3
252;17/09/2020;17;Septiembre;2020;Jueves;3
253;18/09/2020;18;Septiembre;2020;Viernes;3
254;19/09/2020;19;Septiembre;2020;Sábado;3
255;20/09/2020;20;Septiembre;2020;Domingo;3
256;21/09/2020;21;Septiembre;2020;Lunes;3
257;22/09/2020;22;Septiembre;2020;Martes;3
258;23/09/2020;23;Septiembre;2020;Miércoles;3
259;24/09/2020;24;Septiembre;2020;Jueves;3
260;25/09/2020;25;Septiembre;2020;Viernes;3
261;26/09/2020;26;Septiembre;2020;Sábado;3
262;27/09/2020;27;Septiembre;2020;Domingo;3
263;28/09/2020;28;Septiembre;2020;Lunes;3
264;29/09/2020;29;Septiembre;2020;Martes;3
265;30/09/2020;30;Septiembre;2020;Miércoles;3
266;1/10/2020;1;Octubre;2020;Jueves;4
267;2/10/2020;2;Octubre;2020;Viernes;4
268;3/10/2020;3;Octubre;2020;Sábado;4
269;4/10/2020;4;Octubre;2020;Domingo;4
270;5/10/2020;5;Octubre;2020;Lunes;4
271;6/10/2020;6;Octubre;2020;Martes;4
272;7/10/2020;7;Octubre;2020;Miércoles;4
273;8/10/2020;8;Octubre;2020;Jueves;4
274;9/10/2020;9;Octubre;2020;Viernes;4
275;10/10/2020;10;Octubre;2020;Sábado;4
276;11/10/2020;11;Octubre;2020;Domingo;4
277;12/10/2020;12;Octubre;2020;Lunes;4
278;13/10/2020;13;Octubre;2020;Martes;4
279;14/10/2020;14;Octubre;2020;Miércoles;4
280;15/10/2020;15;Octubre;2020;Jueves;4
281;16/10/2020;16;Octubre;2020;Viernes;4
282;17/10/2020;17;Octubre;2020;Sábado;4
283;18/10/2020;18;Octubre;2020;Domingo;4
284;19/10/2020;19;Octubre;2020;Lunes;4
285;20/10/2020;20;Octubre;2020;Martes;4
286;21/10/2020;21;Octubre;2020;Miércoles;4
287;22/10/2020;22;Octubre;2020;Jueves;4
288;23/10/2020;23;Octubre;2020;Viernes;4
289;24/10/2020;24;Octubre;2020;Sábado;4
290;25/10/2020;25;Octubre;2020;Domingo;4
291;26/10/2020;26;Octubre;2020;Lunes;4
292;27/10/2020;27;Octubre;2020;Martes;4
293;28/10/2020;28;Octubre;2020;Miércoles;4
294;29/10/2020;29;Octubre;2020;Jueves;4
295;30/10/2020;30;Octubre;2020;Viernes;4
296;31/10/2020;31;Octubre;2020;Sábado;4
297;1/11/2020;1;Noviembre;2020;Domingo;4
298;2/11/2020;2;Noviembre;2020;Lunes;4
299;3/11/2020;3;Noviembre;2020;Martes;4
300;4/11/2020;4;Noviembre;2020;Miércoles;4
301;5/11/2020;5;Noviembre;2020;Jueves;4
302;6/11/2020;6;Noviembre;2020;Viernes;4
303;7/11/2020;7;Noviembre;2020;Sábado;4
304;8/11/2020;8;Noviembre;2020;Domingo;4
305;9/11/2020;9;Noviembre;2020;Lunes;4
306;10/11/2020;10;Noviembre;2020;Martes;4
307;11/11/2020;11;Noviembre;2020;Miércoles;4
308;12/11/2020;12;Noviembre;2020;Jueves;4
309;13/11/2020;13;Noviembre;2020;Viernes;4
310;14/11/2020;14;Noviembre;2020;Sábado;4
311;15/11/2020;15;Noviembre;2020;Domingo;4
312;16/11/2020;16;Noviembre;2020;Lunes;4
313;17/11/2020;17;Noviembre;2020;Martes;4
314;18/11/2020;18;Noviembre;2020;Miércoles;4
315;19/11/2020;19;Noviembre;2020;Jueves;4
316;20/11/2020;20;Noviembre;2020;Viernes;4
317;21/11/2020;21;Noviembre;2020;Sábado;4
318;22/11/2020;22;Noviembre;2020;Domingo;4
319;23/11/2020;23;Noviembre;2020;Lunes;4
320;24/11/2020;24;Noviembre;2020;Martes;4
321;25/11/2020;25;Noviembre;2020;Miércoles;4
322;26/11/2020;26;Noviembre;2020;Jueves;4
323;27/11/2020;27;Noviembre;2020;Viernes;4
324;28/11/2020;28;Noviembre;2020;Sábado;4
325;29/11/2020;29;Noviembre;2020;Domingo;4
326;30/11/2020;30;Noviembre;2020;Lunes;4
327;1/12/2020;1;Diciembre;2020;Martes;4
328;2/12/2020;2;Diciembre;2020;Miércoles;4
329;3/12/2020;3;Diciembre;2020;Jueves;4
330;4/12/2020;4;Diciembre;2020;Viernes;4
331;5/12/2020;5;Diciembre;2020;Sábado;4
332;6/12/2020;6;Diciembre;2020;Domingo;4
333;7/12/2020;7;Diciembre;2020;Lunes;4
334;8/12/2020;8;Diciembre;2020;Martes;4
335;9/12/2020;9;Diciembre;2020;Miércoles;4
336;10/12/2020;10;Diciembre;2020;Jueves;4
337;11/12/2020;11;Diciembre;2020;Viernes;4
338;12/12/2020;12;Diciembre;2020;Sábado;4
339;13/12/2020;13;Diciembre;2020;Domingo;4
340;14/12/2020;14;Diciembre;2020;Lunes;4
341;15/12/2020;15;Diciembre;2020;Martes;4
342;16/12/2020;16;Diciembre;2020;Miércoles;4
343;17/12/2020;17;Diciembre;2020;Jueves;4
344;18/12/2020;18;Diciembre;2020;Viernes;4
345;19/12/2020;19;Diciembre;2020;Sábado;4
346;20/12/2020;20;Diciembre;2020;Domingo;4
347;21/12/2020;21;Diciembre;2020;Lunes;4
348;22/12/2020;22;Diciembre;2020;Martes;4
349;23/12/2020;23;Diciembre;2020;Miércoles;4
350;24/12/2020;24;Diciembre;2020;Jueves;4
351;25/12/2020;25;Diciembre;2020;Viernes;4
352;26/12/2020;26;Diciembre;2020;Sábado;4
353;27/12/2020;27;Diciembre;2020;Domingo;4
354;28/12/2020;28;Diciembre;2020;Lunes;4
355;29/12/2020;29;Diciembre;2020;Martes;4
356;30/12/2020;30;Diciembre;2020;Miércoles;4
357;31/12/2020;31;Diciembre;2020;Jueves;4
358;1/01/2021;1;Enero;2021;Viernes;1
359;2/01/2021;2;Enero;2021;Sábado;1
360;3/01/2021;3;Enero;2021;Domingo;1
361;4/01/2021;4;Enero;2021;Lunes;1
362;5/01/2021;5;Enero;2021;Martes;1
363;6/01/2021;6;Enero;2021;Miércoles;1
364;7/01/2021;7;Enero;2021;Jueves;1
365;8/01/2021;8;Enero;2021;Viernes;1
366;9/01/2021;9;Enero;2021;Sábado;1
367;10/01/2021;10;Enero;2021;Domingo;1
368;11/01/2021;11;Enero;2021;Lunes;1
369;12/01/2021;12;Enero;2021;Martes;1
370;13/01/2021;13;Enero;2021;Miércoles;1
371;14/01/2021;14;Enero;2021;Jueves;1
372;15/01/2021;15;Enero;2021;Viernes;1
373;16/01/2021;16;Enero;2021;Sábado;1
374;17/01/2021;17;Enero;2021;Domingo;1
375;18/01/2021;18;Enero;2021;Lunes;1
376;19/01/2021;19;Enero;2021;Martes;1
377;20/01/2021;20;Enero;2021;Miércoles;1
378;21/01/2021;21;Enero;2021;Jueves;1
379;22/01/2021;22;Enero;2021;Viernes;1
380;23/01/2021;23;Enero;2021;Sábado;1
381;24/01/2021;24;Enero;2021;Domingo;1
382;25/01/2021;25;Enero;2021;Lunes;1
383;26/01/2021;26;Enero;2021;Martes;1
384;27/01/2021;27;Enero;2021;Miércoles;1
385;28/01/2021;28;Enero;2021;Jueves;1
386;29/01/2021;29;Enero;2021;Viernes;1
387;30/01/2021;30;Enero;2021;Sábado;1
388;31/01/2021;31;Enero;2021;Domingo;1
389;1/02/2021;1;Febrero;2021;Lunes;1
390;2/02/2021;2;Febrero;2021;Martes;1
391;3/02/2021;3;Febrero;2021;Miércoles;1
392;4/02/2021;4;Febrero;2021;Jueves;1
393;5/02/2021;5;Febrero;2021;Viernes;1
394;6/02/2021;6;Febrero;2021;Sábado;1
395;7/02/2021;7;Febrero;2021;Domingo;1
396;8/02/2021;8;Febrero;2021;Lunes;1
397;9/02/2021;9;Febrero;2021;Martes;1
398;10/02/2021;10;Febrero;2021;Miércoles;1
399;11/02/2021;11;Febrero;2021;Jueves;1
400;12/02/2021;12;Febrero;2021;Viernes;1
401;13/02/2021;13;Febrero;2021;Sábado;1
402;14/02/2021;14;Febrero;2021;Domingo;1
403;15/02/2021;15;Febrero;2021;Lunes;1
404;16/02/2021;16;Febrero;2021;Martes;1
405;17/02/2021;17;Febrero;2021;Miércoles;1
406;18/02/2021;18;Febrero;2021;Jueves;1
407;19/02/2021;19;Febrero;2021;Viernes;1
408;20/02/2021;20;Febrero;2021;Sábado;1
409;21/02/2021;21;Febrero;2021;Domingo;1
410;22/02/2021;22;Febrero;2021;Lunes;1
411;23/02/2021;23;Febrero;2021;Martes;1
412;24/02/2021;24;Febrero;2021;Miércoles;1
413;25/02/2021;25;Febrero;2021;Jueves;1
414;26/02/2021;26;Febrero;2021;Viernes;1
415;27/02/2021;27;Febrero;2021;Sábado;1
416;28/02/2021;28;Febrero;2021;Domingo;1
417;1/03/2021;1;Marzo;2021;Lunes;1
418;2/03/2021;2;Marzo;2021;Martes;1
419;3/03/2021;3;Marzo;2021;Miércoles;1
420;4/03/2021;4;Marzo;2021;Jueves;1
421;5/03/2021;5;Marzo;2021;Viernes;1
422;6/03/2021;6;Marzo;2021;Sábado;1
423;7/03/2021;7;Marzo;2021;Domingo;1
424;8/03/2021;8;Marzo;2021;Lunes;1
425;9/03/2021;9;Marzo;2021;Martes;1
426;10/03/2021;10;Marzo;2021;Miércoles;1
427;11/03/2021;11;Marzo;2021;Jueves;1
428;12/03/2021;12;Marzo;2021;Viernes;1
429;13/03/2021;13;Marzo;2021;Sábado;1
430;14/03/2021;14;Marzo;2021;Domingo;1
431;15/03/2021;15;Marzo;2021;Lunes;1
432;16/03/2021;16;Marzo;2021;Martes;1
433;17/03/2021;17;Marzo;2021;Miércoles;1
434;18/03/2021;18;Marzo;2021;Jueves;1
435;19/03/2021;19;Marzo;2021;Viernes;1
436;20/03/2021;20;Marzo;2021;Sábado;1
437;21/03/2021;21;Marzo;2021;Domingo;1
438;22/03/2021;22;Marzo;2021;Lunes;1
439;23/03/2021;23;Marzo;2021;Martes;1
440;24/03/2021;24;Marzo;2021;Miércoles;1
441;25/03/2021;25;Marzo;2021;Jueves;1
442;26/03/2021;26;Marzo;2021;Viernes;1
443;27/03/2021;27;Marzo;2021;Sábado;1
444;28/03/2021;28;Marzo;2021;Domingo;1
445;29/03/2021;29;Marzo;2021;Lunes;1
446;30/03/2021;30;Marzo;2021;Martes;1
447;31/03/2021;31;Marzo;2021;Miércoles;1
448;1/04/2021;1;Abril;2021;Jueves;2
449;2/04/2021;2;Abril;2021;Viernes;2
450;3/04/2021;3;Abril;2021;Sábado;2
451;4/04/2021;4;Abril;2021;Domingo;2
452;5/04/2021;5;Abril;2021;Lunes;2
453;6/04/2021;6;Abril;2021;Martes;2
454;7/04/2021;7;Abril;2021;Miércoles;2
455;8/04/2021;8;Abril;2021;Jueves;2
456;9/04/2021;9;Abril;2021;Viernes;2
457;10/04/2021;10;Abril;2021;Sábado;2
458;11/04/2021;11;Abril;2021;Domingo;2
459;12/04/2021;12;Abril;2021;Lunes;2
460;13/04/2021;13;Abril;2021;Martes;2
461;14/04/2021;14;Abril;2021;Miércoles;2
462;15/04/2021;15;Abril;2021;Jueves;2
463;16/04/2021;16;Abril;2021;Viernes;2
464;17/04/2021;17;Abril;2021;Sábado;2
465;18/04/2021;18;Abril;2021;Domingo;2
466;19/04/2021;19;Abril;2021;Lunes;2
467;20/04/2021;20;Abril;2021;Martes;2
468;21/04/2021;21;Abril;2021;Miércoles;2
469;22/04/2021;22;Abril;2021;Jueves;2
470;23/04/2021;23;Abril;2021;Viernes;2
471;24/04/2021;24;Abril;2021;Sábado;2
472;25/04/2021;25;Abril;2021;Domingo;2
473;26/04/2021;26;Abril;2021;Lunes;2
474;27/04/2021;27;Abril;2021;Martes;2
475;28/04/2021;28;Abril;2021;Miércoles;2
476;29/04/2021;29;Abril;2021;Jueves;2
477;30/04/2021;30;Abril;2021;Viernes;2
478;1/05/2021;1;Mayo;2021;Sábado;2
479;2/05/2021;2;Mayo;2021;Domingo;2
480;3/05/2021;3;Mayo;2021;Lunes;2
481;4/05/2021;4;Mayo;2021;Martes;2
482;5/05/2021;5;Mayo;2021;Miércoles;2
483;6/05/2021;6;Mayo;2021;Jueves;2
484;7/05/2021;7;Mayo;2021;Viernes;2
485;8/05/2021;8;Mayo;2021;Sábado;2
486;9/05/2021;9;Mayo;2021;Domingo;2
487;10/05/2021;10;Mayo;2021;Lunes;2
488;11/05/2021;11;Mayo;2021;Martes;2
489;12/05/2021;12;Mayo;2021;Miércoles;2
490;13/05/2021;13;Mayo;2021;Jueves;2
491;14/05/2021;14;Mayo;2021;Viernes;2
492;15/05/2021;15;Mayo;2021;Sábado;2
493;16/05/2021;16;Mayo;2021;Domingo;2
494;17/05/2021;17;Mayo;2021;Lunes;2
495;18/05/2021;18;Mayo;2021;Martes;2
496;19/05/2021;19;Mayo;2021;Miércoles;2
497;20/05/2021;20;Mayo;2021;Jueves;2
498;21/05/2021;21;Mayo;2021;Viernes;2
499;22/05/2021;22;Mayo;2021;Sábado;2
500;23/05/2021;23;Mayo;2021;Domingo;2
501;24/05/2021;24;Mayo;2021;Lunes;2
502;25/05/2021;25;Mayo;2021;Martes;2
503;26/05/2021;26;Mayo;2021;Miércoles;2
504;27/05/2021;27;Mayo;2021;Jueves;2
505;28/05/2021;28;Mayo;2021;Viernes;2
506;29/05/2021;29;Mayo;2021;Sábado;2
507;30/05/2021;30;Mayo;2021;Domingo;2
508;31/05/2021;31;Mayo;2021;Lunes;2
509;1/06/2021;1;Junio;2021;Martes;2
510;2/06/2021;2;Junio;2021;Miércoles;2
511;3/06/2021;3;Junio;2021;Jueves;2
512;4/06/2021;4;Junio;2021;Viernes;2
513;5/06/2021;5;Junio;2021;Sábado;2
514;6/06/2021;6;Junio;2021;Domingo;2
515;7/06/2021;7;Junio;2021;Lunes;2
516;8/06/2021;8;Junio;2021;Martes;2
517;9/06/2021;9;Junio;2021;Miércoles;2
518;10/06/2021;10;Junio;2021;Jueves;2
519;11/06/2021;11;Junio;2021;Viernes;2
520;12/06/2021;12;Junio;2021;Sábado;2
521;13/06/2021;13;Junio;2021;Domingo;2
522;14/06/2021;14;Junio;2021;Lunes;2
523;15/06/2021;15;Junio;2021;Martes;2
524;16/06/2021;16;Junio;2021;Miércoles;2
525;17/06/2021;17;Junio;2021;Jueves;2
526;18/06/2021;18;Junio;2021;Viernes;2
527;19/06/2021;19;Junio;2021;Sábado;2
528;20/06/2021;20;Junio;2021;Domingo;2
529;21/06/2021;21;Junio;2021;Lunes;2
530;22/06/2021;22;Junio;2021;Martes;2
531;23/06/2021;23;Junio;2021;Miércoles;2
532;24/06/2021;24;Junio;2021;Jueves;2
533;25/06/2021;25;Junio;2021;Viernes;2
534;26/06/2021;26;Junio;2021;Sábado;2
535;27/06/2021;27;Junio;2021;Domingo;2
536;28/06/2021;28;Junio;2021;Lunes;2
537;29/06/2021;29;Junio;2021;Martes;2
538;30/06/2021;30;Junio;2021;Miércoles;2
539;1/07/2021;1;Julio;2021;Jueves;3
540;2/07/2021;2;Julio;2021;Viernes;3
541;3/07/2021;3;Julio;2021;Sábado;3
542;4/07/2021;4;Julio;2021;Domingo;3
543;5/07/2021;5;Julio;2021;Lunes;3
544;6/07/2021;6;Julio;2021;Martes;3
545;7/07/2021;7;Julio;2021;Miércoles;3
546;8/07/2021;8;Julio;2021;Jueves;3
547;9/07/2021;9;Julio;2021;Viernes;3
548;10/07/2021;10;Julio;2021;Sábado;3
549;11/07/2021;11;Julio;2021;Domingo;3
550;12/07/2021;12;Julio;2021;Lunes;3
551;13/07/2021;13;Julio;2021;Martes;3
552;14/07/2021;14;Julio;2021;Miércoles;3
553;15/07/2021;15;Julio;2021;Jueves;3
554;16/07/2021;16;Julio;2021;Viernes;3
555;17/07/2021;17;Julio;2021;Sábado;3
556;18/07/2021;18;Julio;2021;Domingo;3
557;19/07/2021;19;Julio;2021;Lunes;3
558;20/07/2021;20;Julio;2021;Martes;3
559;21/07/2021;21;Julio;2021;Miércoles;3
560;22/07/2021;22;Julio;2021;Jueves;3
561;23/07/2021;23;Julio;2021;Viernes;3
562;24/07/2021;24;Julio;2021;Sábado;3
563;25/07/2021;25;Julio;2021;Domingo;3
564;26/07/2021;26;Julio;2021;Lunes;3
565;27/07/2021;27;Julio;2021;Martes;3
566;28/07/2021;28;Julio;2021;Miércoles;3
567;29/07/2021;29;Julio;2021;Jueves;3
568;30/07/2021;30;Julio;2021;Viernes;3
569;31/07/2021;31;Julio;2021;Sábado;3
570;1/08/2021;1;Agosto;2021;Domingo;3
571;2/08/2021;2;Agosto;2021;Lunes;3
572;3/08/2021;3;Agosto;2021;Martes;3
573;4/08/2021;4;Agosto;2021;Miércoles;3
574;5/08/2021;5;Agosto;2021;Jueves;3
575;6/08/2021;6;Agosto;2021;Viernes;3
576;7/08/2021;7;Agosto;2021;Sábado;3
577;8/08/2021;8;Agosto;2021;Domingo;3
578;9/08/2021;9;Agosto;2021;Lunes;3
579;10/08/2021;10;Agosto;2021;Martes;3
580;11/08/2021;11;Agosto;2021;Miércoles;3
581;12/08/2021;12;Agosto;2021;Jueves;3
582;13/08/2021;13;Agosto;2021;Viernes;3
583;14/08/2021;14;Agosto;2021;Sábado;3
584;15/08/2021;15;Agosto;2021;Domingo;3
585;16/08/2021;16;Agosto;2021;Lunes;3
586;17/08/2021;17;Agosto;2021;Martes;3
587;18/08/2021;18;Agosto;2021;Miércoles;3
588;19/08/2021;19;Agosto;2021;Jueves;3
589;20/08/2021;20;Agosto;2021;Viernes;3
590;21/08/2021;21;Agosto;2021;Sábado;3
591;22/08/2021;22;Agosto;2021;Domingo;3
592;23/08/2021;23;Agosto;2021;Lunes;3
593;24/08/2021;24;Agosto;2021;Martes;3
594;25/08/2021;25;Agosto;2021;Miércoles;3
595;26/08/2021;26;Agosto;2021;Jueves;3
596;27/08/2021;27;Agosto;2021;Viernes;3
597;28/08/2021;28;Agosto;2021;Sábado;3
598;29/08/2021;29;Agosto;2021;Domingo;3
599;30/08/2021;30;Agosto;2021;Lunes;3
600;31/08/2021;31;Agosto;2021;Martes;3
601;1/09/2021;1;Septiembre;2021;Miércoles;3
602;2/09/2021;2;Septiembre;2021;Jueves;3
603;3/09/2021;3;Septiembre;2021;Viernes;3
604;4/09/2021;4;Septiembre;2021;Sábado;3
605;5/09/2021;5;Septiembre;2021;Domingo;3
606;6/09/2021;6;Septiembre;2021;Lunes;3
607;7/09/2021;7;Septiembre;2021;Martes;3
608;8/09/2021;8;Septiembre;2021;Miércoles;3
609;9/09/2021;9;Septiembre;2021;Jueves;3
610;10/09/2021;10;Septiembre;2021;Viernes;3
611;11/09/2021;11;Septiembre;2021;Sábado;3
612;12/09/2021;12;Septiembre;2021;Domingo;3
613;13/09/2021;13;Septiembre;2021;Lunes;3
614;14/09/2021;14;Septiembre;2021;Martes;3
615;15/09/2021;15;Septiembre;2021;Miércoles;3
616;16/09/2021;16;Septiembre;2021;Jueves;3
617;17/09/2021;17;Septiembre;2021;Viernes;3
618;18/09/2021;18;Septiembre;2021;Sábado;3
619;19/09/2021;19;Septiembre;2021;Domingo;3
620;20/09/2021;20;Septiembre;2021;Lunes;3
621;21/09/2021;21;Septiembre;2021;Martes;3
622;22/09/2021;22;Septiembre;2021;Miércoles;3
623;23/09/2021;23;Septiembre;2021;Jueves;3
624;24/09/2021;24;Septiembre;2021;Viernes;3
625;25/09/2021;25;Septiembre;2021;Sábado;3
626;26/09/2021;26;Septiembre;2021;Domingo;3
627;27/09/2021;27;Septiembre;2021;Lunes;3
628;28/09/2021;28;Septiembre;2021;Martes;3
629;29/09/2021;29;Septiembre;2021;Miércoles;3
630;30/09/2021;30;Septiembre;2021;Jueves;3
631;1/10/2021;1;Octubre;2021;Viernes;4
632;2/10/2021;2;Octubre;2021;Sábado;4
633;3/10/2021;3;Octubre;2021;Domingo;4
634;4/10/2021;4;Octubre;2021;Lunes;4
635;5/10/2021;5;Octubre;2021;Martes;4
636;6/10/2021;6;Octubre;2021;Miércoles;4
637;7/10/2021;7;Octubre;2021;Jueves;4
638;8/10/2021;8;Octubre;2021;Viernes;4
639;9/10/2021;9;Octubre;2021;Sábado;4
640;10/10/2021;10;Octubre;2021;Domingo;4
641;11/10/2021;11;Octubre;2021;Lunes;4
642;12/10/2021;12;Octubre;2021;Martes;4
643;13/10/2021;13;Octubre;2021;Miércoles;4
644;14/10/2021;14;Octubre;2021;Jueves;4
645;15/10/2021;15;Octubre;2021;Viernes;4
646;16/10/2021;16;Octubre;2021;Sábado;4
647;17/10/2021;17;Octubre;2021;Domingo;4
648;18/10/2021;18;Octubre;2021;Lunes;4
649;19/10/2021;19;Octubre;2021;Martes;4
650;20/10/2021;20;Octubre;2021;Miércoles;4
651;21/10/2021;21;Octubre;2021;Jueves;4
652;22/10/2021;22;Octubre;2021;Viernes;4
653;23/10/2021;23;Octubre;2021;Sábado;4
654;24/10/2021;24;Octubre;2021;Domingo;4
655;25/10/2021;25;Octubre;2021;Lunes;4
656;26/10/2021;26;Octubre;2021;Martes;4
657;27/10/2021;27;Octubre;2021;Miércoles;4
658;28/10/2021;28;Octubre;2021;Jueves;4
659;29/10/2021;29;Octubre;2021;Viernes;4
660;30/10/2021;30;Octubre;2021;Sábado;4
661;31/10/2021;31;Octubre;2021;Domingo;4
662;1/11/2021;1;Noviembre;2021;Lunes;4
663;2/11/2021;2;Noviembre;2021;Martes;4
664;3/11/2021;3;Noviembre;2021;Miércoles;4
665;4/11/2021;4;Noviembre;2021;Jueves;4
666;5/11/2021;5;Noviembre;2021;Viernes;4
667;6/11/2021;6;Noviembre;2021;Sábado;4
668;7/11/2021;7;Noviembre;2021;Domingo;4
669;8/11/2021;8;Noviembre;2021;Lunes;4
670;9/11/2021;9;Noviembre;2021;Martes;4
671;10/11/2021;10;Noviembre;2021;Miércoles;4
672;11/11/2021;11;Noviembre;2021;Jueves;4
673;12/11/2021;12;Noviembre;2021;Viernes;4
674;13/11/2021;13;Noviembre;2021;Sábado;4
675;14/11/2021;14;Noviembre;2021;Domingo;4
676;15/11/2021;15;Noviembre;2021;Lunes;4
677;16/11/2021;16;Noviembre;2021;Martes;4
678;17/11/2021;17;Noviembre;2021;Miércoles;4
679;18/11/2021;18;Noviembre;2021;Jueves;4
680;19/11/2021;19;Noviembre;2021;Viernes;4
681;20/11/2021;20;Noviembre;2021;Sábado;4
682;21/11/2021;21;Noviembre;2021;Domingo;4
683;22/11/2021;22;Noviembre;2021;Lunes;4
684;23/11/2021;23;Noviembre;2021;Martes;4
685;24/11/2021;24;Noviembre;2021;Miércoles;4
686;25/11/2021;25;Noviembre;2021;Jueves;4
687;26/11/2021;26;Noviembre;2021;Viernes;4
688;27/11/2021;27;Noviembre;2021;Sábado;4
689;28/11/2021;28;Noviembre;2021;Domingo;4
690;29/11/2021;29;Noviembre;2021;Lunes;4
691;30/11/2021;30;Noviembre;2021;Martes;4
692;1/12/2021;1;Diciembre;2021;Miércoles;4
693;2/12/2021;2;Diciembre;2021;Jueves;4
694;3/12/2021;3;Diciembre;2021;Viernes;4
695;4/12/2021;4;Diciembre;2021;Sábado;4
696;5/12/2021;5;Diciembre;2021;Domingo;4
697;6/12/2021;6;Diciembre;2021;Lunes;4
698;7/12/2021;7;Diciembre;2021;Martes;4
699;8/12/2021;8;Diciembre;2021;Miércoles;4
700;9/12/2021;9;Diciembre;2021;Jueves;4
701;10/12/2021;10;Diciembre;2021;Viernes;4
702;11/12/2021;11;Diciembre;2021;Sábado;4
703;12/12/2021;12;Diciembre;2021;Domingo;4
704;13/12/2021;13;Diciembre;2021;Lunes;4
705;14/12/2021;14;Diciembre;2021;Martes;4
706;15/12/2021;15;Diciembre;2021;Miércoles;4
707;16/12/2021;16;Diciembre;2021;Jueves;4
708;17/12/2021;17;Diciembre;2021;Viernes;4
709;18/12/2021;18;Diciembre;2021;Sábado;4
710;19/12/2021;19;Diciembre;2021;Domingo;4
711;20/12/2021;20;Diciembre;2021;Lunes;4
712;21/12/2021;21;Diciembre;2021;Martes;4
713;22/12/2021;22;Diciembre;2021;Miércoles;4
714;23/12/2021;23;Diciembre;2021;Jueves;4
715;24/12/2021;24;Diciembre;2021;Viernes;4
716;25/12/2021;25;Diciembre;2021;Sábado;4
717;26/12/2021;26;Diciembre;2021;Domingo;4
718;27/12/2021;27;Diciembre;2021;Lunes;4
719;28/12/2021;28;Diciembre;2021;Martes;4
720;29/12/2021;29;Diciembre;2021;Miércoles;4
721;30/12/2021;30;Diciembre;2021;Jueves;4
722;31/12/2021;31;Diciembre;2021;Viernes;4
723;1/01/2022;1;Enero;2022;Sábado;1
724;2/01/2022;2;Enero;2022;Domingo;1
725;3/01/2022;3;Enero;2022;Lunes;1
726;4/01/2022;4;Enero;2022;Martes;1
727;5/01/2022;5;Enero;2022;Miércoles;1
728;6/01/2022;6;Enero;2022;Jueves;1
729;7/01/2022;7;Enero;2022;Viernes;1
730;8/01/2022;8;Enero;2022;Sábado;1
731;9/01/2022;9;Enero;2022;Domingo;1
732;10/01/2022;10;Enero;2022;Lunes;1
733;11/01/2022;11;Enero;2022;Martes;1
734;12/01/2022;12;Enero;2022;Miércoles;1
735;13/01/2022;13;Enero;2022;Jueves;1
736;14/01/2022;14;Enero;2022;Viernes;1
737;15/01/2022;15;Enero;2022;Sábado;1
738;16/01/2022;16;Enero;2022;Domingo;1
739;17/01/2022;17;Enero;2022;Lunes;1
740;18/01/2022;18;Enero;2022;Martes;1
741;19/01/2022;19;Enero;2022;Miércoles;1
742;20/01/2022;20;Enero;2022;Jueves;1
743;21/01/2022;21;Enero;2022;Viernes;1
744;22/01/2022;22;Enero;2022;Sábado;1
745;23/01/2022;23;Enero;2022;Domingo;1
746;24/01/2022;24;Enero;2022;Lunes;1
747;25/01/2022;25;Enero;2022;Martes;1
748;26/01/2022;26;Enero;2022;Miércoles;1
749;27/01/2022;27;Enero;2022;Jueves;1
750;28/01/2022;28;Enero;2022;Viernes;1
751;29/01/2022;29;Enero;2022;Sábado;1
752;30/01/2022;30;Enero;2022;Domingo;1
753;31/01/2022;31;Enero;2022;Lunes;1
754;1/02/2022;1;Febrero;2022;Martes;1
755;2/02/2022;2;Febrero;2022;Miércoles;1
756;3/02/2022;3;Febrero;2022;Jueves;1
757;4/02/2022;4;Febrero;2022;Viernes;1
758;5/02/2022;5;Febrero;2022;Sábado;1
759;6/02/2022;6;Febrero;2022;Domingo;1
760;7/02/2022;7;Febrero;2022;Lunes;1
761;8/02/2022;8;Febrero;2022;Martes;1
762;9/02/2022;9;Febrero;2022;Miércoles;1
763;10/02/2022;10;Febrero;2022;Jueves;1
764;11/02/2022;11;Febrero;2022;Viernes;1
765;12/02/2022;12;Febrero;2022;Sábado;1
766;13/02/2022;13;Febrero;2022;Domingo;1
767;14/02/2022;14;Febrero;2022;Lunes;1
768;15/02/2022;15;Febrero;2022;Martes;1
769;16/02/2022;16;Febrero;2022;Miércoles;1
770;17/02/2022;17;Febrero;2022;Jueves;1
771;18/02/2022;18;Febrero;2022;Viernes;1
772;19/02/2022;19;Febrero;2022;Sábado;1
773;20/02/2022;20;Febrero;2022;Domingo;1
774;21/02/2022;21;Febrero;2022;Lunes;1
775;22/02/2022;22;Febrero;2022;Martes;1
776;23/02/2022;23;Febrero;2022;Miércoles;1
777;24/02/2022;24;Febrero;2022;Jueves;1
778;25/02/2022;25;Febrero;2022;Viernes;1
779;26/02/2022;26;Febrero;2022;Sábado;1
780;27/02/2022;27;Febrero;2022;Domingo;1
781;28/02/2022;28;Febrero;2022;Lunes;1
782;1/03/2022;1;Marzo;2022;Martes;1
783;2/03/2022;2;Marzo;2022;Miércoles;1
784;3/03/2022;3;Marzo;2022;Jueves;1
785;4/03/2022;4;Marzo;2022;Viernes;1
786;5/03/2022;5;Marzo;2022;Sábado;1
787;6/03/2022;6;Marzo;2022;Domingo;1
788;7/03/2022;7;Marzo;2022;Lunes;1
789;8/03/2022;8;Marzo;2022;Martes;1
790;9/03/2022;9;Marzo;2022;Miércoles;1
791;10/03/2022;10;Marzo;2022;Jueves;1
792;11/03/2022;11;Marzo;2022;Viernes;1
793;12/03/2022;12;Marzo;2022;Sábado;1
794;13/03/2022;13;Marzo;2022;Domingo;1
795;14/03/2022;14;Marzo;2022;Lunes;1
796;15/03/2022;15;Marzo;2022;Martes;1
797;16/03/2022;16;Marzo;2022;Miércoles;1
798;17/03/2022;17;Marzo;2022;Jueves;1
799;18/03/2022;18;Marzo;2022;Viernes;1
800;19/03/2022;19;Marzo;2022;Sábado;1
801;20/03/2022;20;Marzo;2022;Domingo;1
802;21/03/2022;21;Marzo;2022;Lunes;1
803;22/03/2022;22;Marzo;2022;Martes;1
804;23/03/2022;23;Marzo;2022;Miércoles;1
805;24/03/2022;24;Marzo;2022;Jueves;1
806;25/03/2022;25;Marzo;2022;Viernes;1
807;26/03/2022;26;Marzo;2022;Sábado;1
808;27/03/2022;27;Marzo;2022;Domingo;1
809;28/03/2022;28;Marzo;2022;Lunes;1
810;29/03/2022;29;Marzo;2022;Martes;1
811;30/03/2022;30;Marzo;2022;Miércoles;1
812;31/03/2022;31;Marzo;2022;Jueves;1
813;1/04/2022;1;Abril;2022;Viernes;2
814;2/04/2022;2;Abril;2022;Sábado;2
815;3/04/2022;3;Abril;2022;Domingo;2
816;4/04/2022;4;Abril;2022;Lunes;2
817;5/04/2022;5;Abril;2022;Martes;2
818;6/04/2022;6;Abril;2022;Miércoles;2
819;7/04/2022;7;Abril;2022;Jueves;2
820;8/04/2022;8;Abril;2022;Viernes;2
821;9/04/2022;9;Abril;2022;Sábado;2
822;10/04/2022;10;Abril;2022;Domingo;2
823;11/04/2022;11;Abril;2022;Lunes;2
824;12/04/2022;12;Abril;2022;Martes;2
825;13/04/2022;13;Abril;2022;Miércoles;2
826;14/04/2022;14;Abril;2022;Jueves;2
827;15/04/2022;15;Abril;2022;Viernes;2
828;16/04/2022;16;Abril;2022;Sábado;2
829;17/04/2022;17;Abril;2022;Domingo;2
830;18/04/2022;18;Abril;2022;Lunes;2
831;19/04/2022;19;Abril;2022;Martes;2
832;20/04/2022;20;Abril;2022;Miércoles;2
833;21/04/2022;21;Abril;2022;Jueves;2
834;22/04/2022;22;Abril;2022;Viernes;2
835;23/04/2022;23;Abril;2022;Sábado;2
836;24/04/2022;24;Abril;2022;Domingo;2
837;25/04/2022;25;Abril;2022;Lunes;2
838;26/04/2022;26;Abril;2022;Martes;2
839;27/04/2022;27;Abril;2022;Miércoles;2
840;28/04/2022;28;Abril;2022;Jueves;2
841;29/04/2022;29;Abril;2022;Viernes;2
842;30/04/2022;30;Abril;2022;Sábado;2
843;1/05/2022;1;Mayo;2022;Domingo;2
844;2/05/2022;2;Mayo;2022;Lunes;2
845;3/05/2022;3;Mayo;2022;Martes;2
846;4/05/2022;4;Mayo;2022;Miércoles;2
847;5/05/2022;5;Mayo;2022;Jueves;2
848;6/05/2022;6;Mayo;2022;Viernes;2
849;7/05/2022;7;Mayo;2022;Sábado;2
850;8/05/2022;8;Mayo;2022;Domingo;2
851;9/05/2022;9;Mayo;2022;Lunes;2
852;10/05/2022;10;Mayo;2022;Martes;2
853;11/05/2022;11;Mayo;2022;Miércoles;2
854;12/05/2022;12;Mayo;2022;Jueves;2
855;13/05/2022;13;Mayo;2022;Viernes;2
856;14/05/2022;14;Mayo;2022;Sábado;2
857;15/05/2022;15;Mayo;2022;Domingo;2
858;16/05/2022;16;Mayo;2022;Lunes;2
859;17/05/2022;17;Mayo;2022;Martes;2
860;18/05/2022;18;Mayo;2022;Miércoles;2
861;19/05/2022;19;Mayo;2022;Jueves;2
862;20/05/2022;20;Mayo;2022;Viernes;2
863;21/05/2022;21;Mayo;2022;Sábado;2
864;22/05/2022;22;Mayo;2022;Domingo;2
865;23/05/2022;23;Mayo;2022;Lunes;2
866;24/05/2022;24;Mayo;2022;Martes;2
867;25/05/2022;25;Mayo;2022;Miércoles;2
868;26/05/2022;26;Mayo;2022;Jueves;2
869;27/05/2022;27;Mayo;2022;Viernes;2
870;28/05/2022;28;Mayo;2022;Sábado;2
871;29/05/2022;29;Mayo;2022;Domingo;2
872;30/05/2022;30;Mayo;2022;Lunes;2
873;31/05/2022;31;Mayo;2022;Martes;2
874;1/06/2022;1;Junio;2022;Miércoles;2
875;2/06/2022;2;Junio;2022;Jueves;2
876;3/06/2022;3;Junio;2022;Viernes;2
877;4/06/2022;4;Junio;2022;Sábado;2
878;5/06/2022;5;Junio;2022;Domingo;2
879;6/06/2022;6;Junio;2022;Lunes;2
880;7/06/2022;7;Junio;2022;Martes;2
881;8/06/2022;8;Junio;2022;Miércoles;2
882;9/06/2022;9;Junio;2022;Jueves;2
883;10/06/2022;10;Junio;2022;Viernes;2
884;11/06/2022;11;Junio;2022;Sábado;2
885;12/06/2022;12;Junio;2022;Domingo;2
886;13/06/2022;13;Junio;2022;Lunes;2
887;14/06/2022;14;Junio;2022;Martes;2
888;15/06/2022;15;Junio;2022;Miércoles;2
889;16/06/2022;16;Junio;2022;Jueves;2
890;17/06/2022;17;Junio;2022;Viernes;2
891;18/06/2022;18;Junio;2022;Sábado;2
892;19/06/2022;19;Junio;2022;Domingo;2
893;20/06/2022;20;Junio;2022;Lunes;2
894;21/06/2022;21;Junio;2022;Martes;2
895;22/06/2022;22;Junio;2022;Miércoles;2
896;23/06/2022;23;Junio;2022;Jueves;2
897;24/06/2022;24;Junio;2022;Viernes;2
898;25/06/2022;25;Junio;2022;Sábado;2
899;26/06/2022;26;Junio;2022;Domingo;2
900;27/06/2022;27;Junio;2022;Lunes;2
901;28/06/2022;28;Junio;2022;Martes;2
902;29/06/2022;29;Junio;2022;Miércoles;2
903;30/06/2022;30;Junio;2022;Jueves;2
904;1/07/2022;1;Julio;2022;Viernes;3
905;2/07/2022;2;Julio;2022;Sábado;3
906;3/07/2022;3;Julio;2022;Domingo;3
907;4/07/2022;4;Julio;2022;Lunes;3
908;5/07/2022;5;Julio;2022;Martes;3
909;6/07/2022;6;Julio;2022;Miércoles;3
910;7/07/2022;7;Julio;2022;Jueves;3
911;8/07/2022;8;Julio;2022;Viernes;3
912;9/07/2022;9;Julio;2022;Sábado;3
913;10/07/2022;10;Julio;2022;Domingo;3
914;11/07/2022;11;Julio;2022;Lunes;3
915;12/07/2022;12;Julio;2022;Martes;3
916;13/07/2022;13;Julio;2022;Miércoles;3
917;14/07/2022;14;Julio;2022;Jueves;3
918;15/07/2022;15;Julio;2022;Viernes;3
919;16/07/2022;16;Julio;2022;Sábado;3
920;17/07/2022;17;Julio;2022;Domingo;3
921;18/07/2022;18;Julio;2022;Lunes;3
922;19/07/2022;19;Julio;2022;Martes;3
923;20/07/2022;20;Julio;2022;Miércoles;3
924;21/07/2022;21;Julio;2022;Jueves;3
925;22/07/2022;22;Julio;2022;Viernes;3
926;23/07/2022;23;Julio;2022;Sábado;3
927;24/07/2022;24;Julio;2022;Domingo;3
928;25/07/2022;25;Julio;2022;Lunes;3
929;26/07/2022;26;Julio;2022;Martes;3
930;27/07/2022;27;Julio;2022;Miércoles;3
931;28/07/2022;28;Julio;2022;Jueves;3
932;29/07/2022;29;Julio;2022;Viernes;3
933;30/07/2022;30;Julio;2022;Sábado;3
934;31/07/2022;31;Julio;2022;Domingo;3
935;1/08/2022;1;Agosto;2022;Lunes;3
936;2/08/2022;2;Agosto;2022;Martes;3
937;3/08/2022;3;Agosto;2022;Miércoles;3
938;4/08/2022;4;Agosto;2022;Jueves;3
939;5/08/2022;5;Agosto;2022;Viernes;3
940;6/08/2022;6;Agosto;2022;Sábado;3
941;7/08/2022;7;Agosto;2022;Domingo;3
942;8/08/2022;8;Agosto;2022;Lunes;3
943;9/08/2022;9;Agosto;2022;Martes;3
944;10/08/2022;10;Agosto;2022;Miércoles;3
945;11/08/2022;11;Agosto;2022;Jueves;3
946;12/08/2022;12;Agosto;2022;Viernes;3
947;13/08/2022;13;Agosto;2022;Sábado;3
948;14/08/2022;14;Agosto;2022;Domingo;3
949;15/08/2022;15;Agosto;2022;Lunes;3
950;16/08/2022;16;Agosto;2022;Martes;3
951;17/08/2022;17;Agosto;2022;Miércoles;3
952;18/08/2022;18;Agosto;2022;Jueves;3
953;19/08/2022;19;Agosto;2022;Viernes;3
954;20/08/2022;20;Agosto;2022;Sábado;3
955;21/08/2022;21;Agosto;2022;Domingo;3
956;22/08/2022;22;Agosto;2022;Lunes;3
957;23/08/2022;23;Agosto;2022;Martes;3
958;24/08/2022;24;Agosto;2022;Miércoles;3
959;25/08/2022;25;Agosto;2022;Jueves;3
960;26/08/2022;26;Agosto;2022;Viernes;3
961;27/08/2022;27;Agosto;2022;Sábado;3
962;28/08/2022;28;Agosto;2022;Domingo;3
963;29/08/2022;29;Agosto;2022;Lunes;3
964;30/08/2022;30;Agosto;2022;Martes;3
965;31/08/2022;31;Agosto;2022;Miércoles;3
966;1/09/2022;1;Septiembre;2022;Jueves;3
967;2/09/2022;2;Septiembre;2022;Viernes;3
968;3/09/2022;3;Septiembre;2022;Sábado;3
969;4/09/2022;4;Septiembre;2022;Domingo;3
970;5/09/2022;5;Septiembre;2022;Lunes;3
971;6/09/2022;6;Septiembre;2022;Martes;3
972;7/09/2022;7;Septiembre;2022;Miércoles;3
973;8/09/2022;8;Septiembre;2022;Jueves;3
974;9/09/2022;9;Septiembre;2022;Viernes;3
975;10/09/2022;10;Septiembre;2022;Sábado;3
976;11/09/2022;11;Septiembre;2022;Domingo;3
977;12/09/2022;12;Septiembre;2022;Lunes;3
978;13/09/2022;13;Septiembre;2022;Martes;3
979;14/09/2022;14;Septiembre;2022;Miércoles;3
980;15/09/2022;15;Septiembre;2022;Jueves;3
981;16/09/2022;16;Septiembre;2022;Viernes;3
982;17/09/2022;17;Septiembre;2022;Sábado;3
983;18/09/2022;18;Septiembre;2022;Domingo;3
984;19/09/2022;19;Septiembre;2022;Lunes;3
985;20/09/2022;20;Septiembre;2022;Martes;3
986;21/09/2022;21;Septiembre;2022;Miércoles;3
987;22/09/2022;22;Septiembre;2022;Jueves;3
988;23/09/2022;23;Septiembre;2022;Viernes;3
989;24/09/2022;24;Septiembre;2022;Sábado;3
990;25/09/2022;25;Septiembre;2022;Domingo;3
991;26/09/2022;26;Septiembre;2022;Lunes;3
992;27/09/2022;27;Septiembre;2022;Martes;3
993;28/09/2022;28;Septiembre;2022;Miércoles;3
994;29/09/2022;29;Septiembre;2022;Jueves;3
995;30/09/2022;30;Septiembre;2022;Viernes;3
996;1/10/2022;1;Octubre;2022;Sábado;4
997;2/10/2022;2;Octubre;2022;Domingo;4
998;3/10/2022;3;Octubre;2022;Lunes;4
999;4/10/2022;4;Octubre;2022;Martes;4
1000;5/10/2022;5;Octubre;2022;Miércoles;4
1001;6/10/2022;6;Octubre;2022;Jueves;4
1002;7/10/2022;7;Octubre;2022;Viernes;4
1003;8/10/2022;8;Octubre;2022;Sábado;4
1004;9/10/2022;9;Octubre;2022;Domingo;4
1005;10/10/2022;10;Octubre;2022;Lunes;4
1006;11/10/2022;11;Octubre;2022;Martes;4
1007;12/10/2022;12;Octubre;2022;Miércoles;4
1008;13/10/2022;13;Octubre;2022;Jueves;4
1009;14/10/2022;14;Octubre;2022;Viernes;4
1010;15/10/2022;15;Octubre;2022;Sábado;4
1011;16/10/2022;16;Octubre;2022;Domingo;4
1012;17/10/2022;17;Octubre;2022;Lunes;4
1013;18/10/2022;18;Octubre;2022;Martes;4
1014;19/10/2022;19;Octubre;2022;Miércoles;4
1015;20/10/2022;20;Octubre;2022;Jueves;4
1016;21/10/2022;21;Octubre;2022;Viernes;4
1017;22/10/2022;22;Octubre;2022;Sábado;4
1018;23/10/2022;23;Octubre;2022;Domingo;4
1019;24/10/2022;24;Octubre;2022;Lunes;4
1020;25/10/2022;25;Octubre;2022;Martes;4
1021;26/10/2022;26;Octubre;2022;Miércoles;4
1022;27/10/2022;27;Octubre;2022;Jueves;4
1023;28/10/2022;28;Octubre;2022;Viernes;4
1024;29/10/2022;29;Octubre;2022;Sábado;4
1025;30/10/2022;30;Octubre;2022;Domingo;4
1026;31/10/2022;31;Octubre;2022;Lunes;4
1027;1/11/2022;1;Noviembre;2022;Martes;4
1028;2/11/2022;2;Noviembre;2022;Miércoles;4
1029;3/11/2022;3;Noviembre;2022;Jueves;4
1030;4/11/2022;4;Noviembre;2022;Viernes;4
1031;5/11/2022;5;Noviembre;2022;Sábado;4
1032;6/11/2022;6;Noviembre;2022;Domingo;4
1033;7/11/2022;7;Noviembre;2022;Lunes;4
1034;8/11/2022;8;Noviembre;2022;Martes;4
1035;9/11/2022;9;Noviembre;2022;Miércoles;4
1036;10/11/2022;10;Noviembre;2022;Jueves;4
1037;11/11/2022;11;Noviembre;2022;Viernes;4
1038;12/11/2022;12;Noviembre;2022;Sábado;4
1039;13/11/2022;13;Noviembre;2022;Domingo;4
1040;14/11/2022;14;Noviembre;2022;Lunes;4
1041;15/11/2022;15;Noviembre;2022;Martes;4
1042;16/11/2022;16;Noviembre;2022;Miércoles;4
1043;17/11/2022;17;Noviembre;2022;Jueves;4
1044;18/11/2022;18;Noviembre;2022;Viernes;4
1045;19/11/2022;19;Noviembre;2022;Sábado;4
1046;20/11/2022;20;Noviembre;2022;Domingo;4
1047;21/11/2022;21;Noviembre;2022;Lunes;4
1048;22/11/2022;22;Noviembre;2022;Martes;4
1049;23/11/2022;23;Noviembre;2022;Miércoles;4
1050;24/11/2022;24;Noviembre;2022;Jueves;4
1051;25/11/2022;25;Noviembre;2022;Viernes;4
1052;26/11/2022;26;Noviembre;2022;Sábado;4
1053;27/11/2022;27;Noviembre;2022;Domingo;4
1054;28/11/2022;28;Noviembre;2022;Lunes;4
1055;29/11/2022;29;Noviembre;2022;Martes;4
1056;30/11/2022;30;Noviembre;2022;Miércoles;4
1057;1/12/2022;1;Diciembre;2022;Jueves;4
1058;2/12/2022;2;Diciembre;2022;Viernes;4
1059;3/12/2022;3;Diciembre;2022;Sábado;4
1060;4/12/2022;4;Diciembre;2022;Domingo;4
1061;5/12/2022;5;Diciembre;2022;Lunes;4
1062;6/12/2022;6;Diciembre;2022;Martes;4
1063;7/12/2022;7;Diciembre;2022;Miércoles;4
1064;8/12/2022;8;Diciembre;2022;Jueves;4
1065;9/12/2022;9;Diciembre;2022;Viernes;4
1066;10/12/2022;10;Diciembre;2022;Sábado;4
1067;11/12/2022;11;Diciembre;2022;Domingo;4
1068;12/12/2022;12;Diciembre;2022;Lunes;4
1069;13/12/2022;13;Diciembre;2022;Martes;4
1070;14/12/2022;14;Diciembre;2022;Miércoles;4
1071;15/12/2022;15;Diciembre;2022;Jueves;4
1072;16/12/2022;16;Diciembre;2022;Viernes;4
1073;17/12/2022;17;Diciembre;2022;Sábado;4
1074;18/12/2022;18;Diciembre;2022;Domingo;4
1075;19/12/2022;19;Diciembre;2022;Lunes;4
1076;20/12/2022;20;Diciembre;2022;Martes;4
1077;21/12/2022;21;Diciembre;2022;Miércoles;4
1078;22/12/2022;22;Diciembre;2022;Jueves;4
1079;23/12/2022;23;Diciembre;2022;Viernes;4
1080;24/12/2022;24;Diciembre;2022;Sábado;4
1081;25/12/2022;25;Diciembre;2022;Domingo;4
1082;26/12/2022;26;Diciembre;2022;Lunes;4
1083;27/12/2022;27;Diciembre;2022;Martes;4
1084;28/12/2022;28;Diciembre;2022;Miércoles;4
1085;29/12/2022;29;Diciembre;2022;Jueves;4
1086;30/12/2022;30;Diciembre;2022;Viernes;4
1087;31/12/2022;31;Diciembre;2022;Sábado;4
1088;1/01/2023;1;Enero;2023;Domingo;1
1089;2/01/2023;2;Enero;2023;Lunes;1
1090;3/01/2023;3;Enero;2023;Martes;1
1091;4/01/2023;4;Enero;2023;Miércoles;1
1092;5/01/2023;5;Enero;2023;Jueves;1
1093;6/01/2023;6;Enero;2023;Viernes;1
1094;7/01/2023;7;Enero;2023;Sábado;1
1095;8/01/2023;8;Enero;2023;Domingo;1
1096;9/01/2023;9;Enero;2023;Lunes;1
1097;10/01/2023;10;Enero;2023;Martes;1
1098;11/01/2023;11;Enero;2023;Miércoles;1
1099;12/01/2023;12;Enero;2023;Jueves;1
1100;13/01/2023;13;Enero;2023;Viernes;1
1101;14/01/2023;14;Enero;2023;Sábado;1
1102;15/01/2023;15;Enero;2023;Domingo;1
1103;16/01/2023;16;Enero;2023;Lunes;1
1104;17/01/2023;17;Enero;2023;Martes;1
1105;18/01/2023;18;Enero;2023;Miércoles;1
1106;19/01/2023;19;Enero;2023;Jueves;1
1107;20/01/2023;20;Enero;2023;Viernes;1
1108;21/01/2023;21;Enero;2023;Sábado;1
1109;22/01/2023;22;Enero;2023;Domingo;1
1110;23/01/2023;23;Enero;2023;Lunes;1
1111;24/01/2023;24;Enero;2023;Martes;1
1112;25/01/2023;25;Enero;2023;Miércoles;1
1113;26/01/2023;26;Enero;2023;Jueves;1
1114;27/01/2023;27;Enero;2023;Viernes;1
1115;28/01/2023;28;Enero;2023;Sábado;1
1116;29/01/2023;29;Enero;2023;Domingo;1
1117;30/01/2023;30;Enero;2023;Lunes;1
1118;31/01/2023;31;Enero;2023;Martes;1
1119;1/02/2023;1;Febrero;2023;Miércoles;1
1120;2/02/2023;2;Febrero;2023;Jueves;1
1121;3/02/2023;3;Febrero;2023;Viernes;1
1122;4/02/2023;4;Febrero;2023;Sábado;1
1123;5/02/2023;5;Febrero;2023;Domingo;1
1124;6/02/2023;6;Febrero;2023;Lunes;1
1125;7/02/2023;7;Febrero;2023;Martes;1
1126;8/02/2023;8;Febrero;2023;Miércoles;1
1127;9/02/2023;9;Febrero;2023;Jueves;1
1128;10/02/2023;10;Febrero;2023;Viernes;1
1129;11/02/2023;11;Febrero;2023;Sábado;1
1130;12/02/2023;12;Febrero;2023;Domingo;1
1131;13/02/2023;13;Febrero;2023;Lunes;1
1132;14/02/2023;14;Febrero;2023;Martes;1
1133;15/02/2023;15;Febrero;2023;Miércoles;1
1134;16/02/2023;16;Febrero;2023;Jueves;1
1135;17/02/2023;17;Febrero;2023;Viernes;1
1136;18/02/2023;18;Febrero;2023;Sábado;1
1137;19/02/2023;19;Febrero;2023;Domingo;1
1138;20/02/2023;20;Febrero;2023;Lunes;1
1139;21/02/2023;21;Febrero;2023;Martes;1
1140;22/02/2023;22;Febrero;2023;Miércoles;1
1141;23/02/2023;23;Febrero;2023;Jueves;1
1142;24/02/2023;24;Febrero;2023;Viernes;1
1143;25/02/2023;25;Febrero;2023;Sábado;1
1144;26/02/2023;26;Febrero;2023;Domingo;1
1145;27/02/2023;27;Febrero;2023;Lunes;1
1146;28/02/2023;28;Febrero;2023;Martes;1
1147;1/03/2023;1;Marzo;2023;Miércoles;1
1148;2/03/2023;2;Marzo;2023;Jueves;1
1149;3/03/2023;3;Marzo;2023;Viernes;1
1150;4/03/2023;4;Marzo;2023;Sábado;1
1151;5/03/2023;5;Marzo;2023;Domingo;1
1152;6/03/2023;6;Marzo;2023;Lunes;1
1153;7/03/2023;7;Marzo;2023;Martes;1
1154;8/03/2023;8;Marzo;2023;Miércoles;1
1155;9/03/2023;9;Marzo;2023;Jueves;1
1156;10/03/2023;10;Marzo;2023;Viernes;1
1157;11/03/2023;11;Marzo;2023;Sábado;1
1158;12/03/2023;12;Marzo;2023;Domingo;1
1159;13/03/2023;13;Marzo;2023;Lunes;1
1160;14/03/2023;14;Marzo;2023;Martes;1
1161;15/03/2023;15;Marzo;2023;Miércoles;1
1162;16/03/2023;16;Marzo;2023;Jueves;1
1163;17/03/2023;17;Marzo;2023;Viernes;1
1164;18/03/2023;18;Marzo;2023;Sábado;1
1165;19/03/2023;19;Marzo;2023;Domingo;1
1166;20/03/2023;20;Marzo;2023;Lunes;1
1167;21/03/2023;21;Marzo;2023;Martes;1
1168;22/03/2023;22;Marzo;2023;Miércoles;1
1169;23/03/2023;23;Marzo;2023;Jueves;1
1170;24/03/2023;24;Marzo;2023;Viernes;1
1171;25/03/2023;25;Marzo;2023;Sábado;1
1172;26/03/2023;26;Marzo;2023;Domingo;1
1173;27/03/2023;27;Marzo;2023;Lunes;1
1174;28/03/2023;28;Marzo;2023;Martes;1
1175;29/03/2023;29;Marzo;2023;Miércoles;1
1176;30/03/2023;30;Marzo;2023;Jueves;1
1177;31/03/2023;31;Marzo;2023;Viernes;1
1178;1/04/2023;1;Abril;2023;Sábado;2
1179;2/04/2023;2;Abril;2023;Domingo;2
1180;3/04/2023;3;Abril;2023;Lunes;2
1181;4/04/2023;4;Abril;2023;Martes;2
1182;5/04/2023;5;Abril;2023;Miércoles;2
1183;6/04/2023;6;Abril;2023;Jueves;2
1184;7/04/2023;7;Abril;2023;Viernes;2
1185;8/04/2023;8;Abril;2023;Sábado;2
1186;9/04/2023;9;Abril;2023;Domingo;2
1187;10/04/2023;10;Abril;2023;Lunes;2
1188;11/04/2023;11;Abril;2023;Martes;2
1189;12/04/2023;12;Abril;2023;Miércoles;2
1190;13/04/2023;13;Abril;2023;Jueves;2
1191;14/04/2023;14;Abril;2023;Viernes;2
1192;15/04/2023;15;Abril;2023;Sábado;2
1193;16/04/2023;16;Abril;2023;Domingo;2
1194;17/04/2023;17;Abril;2023;Lunes;2
1195;18/04/2023;18;Abril;2023;Martes;2
1196;19/04/2023;19;Abril;2023;Miércoles;2
1197;20/04/2023;20;Abril;2023;Jueves;2
1198;21/04/2023;21;Abril;2023;Viernes;2
1199;22/04/2023;22;Abril;2023;Sábado;2
1200;23/04/2023;23;Abril;2023;Domingo;2
1201;24/04/2023;24;Abril;2023;Lunes;2
1202;25/04/2023;25;Abril;2023;Martes;2
1203;26/04/2023;26;Abril;2023;Miércoles;2
1204;27/04/2023;27;Abril;2023;Jueves;2
1205;28/04/2023;28;Abril;2023;Viernes;2
1206;29/04/2023;29;Abril;2023;Sábado;2
1207;30/04/2023;30;Abril;2023;Domingo;2
1208;1/05/2023;1;Mayo;2023;Lunes;2
1209;2/05/2023;2;Mayo;2023;Martes;2
1210;3/05/2023;3;Mayo;2023;Miércoles;2
1211;4/05/2023;4;Mayo;2023;Jueves;2
1212;5/05/2023;5;Mayo;2023;Viernes;2
1213;6/05/2023;6;Mayo;2023;Sábado;2
1214;7/05/2023;7;Mayo;2023;Domingo;2
1215;8/05/2023;8;Mayo;2023;Lunes;2
1216;9/05/2023;9;Mayo;2023;Martes;2
1217;10/05/2023;10;Mayo;2023;Miércoles;2
1218;11/05/2023;11;Mayo;2023;Jueves;2
1219;12/05/2023;12;Mayo;2023;Viernes;2
1220;13/05/2023;13;Mayo;2023;Sábado;2
1221;14/05/2023;14;Mayo;2023;Domingo;2
1222;15/05/2023;15;Mayo;2023;Lunes;2
1223;16/05/2023;16;Mayo;2023;Martes;2
1224;17/05/2023;17;Mayo;2023;Miércoles;2
1225;18/05/2023;18;Mayo;2023;Jueves;2
1226;19/05/2023;19;Mayo;2023;Viernes;2
1227;20/05/2023;20;Mayo;2023;Sábado;2
1228;21/05/2023;21;Mayo;2023;Domingo;2
1229;22/05/2023;22;Mayo;2023;Lunes;2
1230;23/05/2023;23;Mayo;2023;Martes;2
1231;24/05/2023;24;Mayo;2023;Miércoles;2
1232;25/05/2023;25;Mayo;2023;Jueves;2
1233;26/05/2023;26;Mayo;2023;Viernes;2
1234;27/05/2023;27;Mayo;2023;Sábado;2
1235;28/05/2023;28;Mayo;2023;Domingo;2
1236;29/05/2023;29;Mayo;2023;Lunes;2
1237;30/05/2023;30;Mayo;2023;Martes;2
1238;31/05/2023;31;Mayo;2023;Miércoles;2
1239;1/06/2023;1;Junio;2023;Jueves;2
1240;2/06/2023;2;Junio;2023;Viernes;2
1241;3/06/2023;3;Junio;2023;Sábado;2
1242;4/06/2023;4;Junio;2023;Domingo;2
1243;5/06/2023;5;Junio;2023;Lunes;2
1244;6/06/2023;6;Junio;2023;Martes;2
1245;7/06/2023;7;Junio;2023;Miércoles;2
1246;8/06/2023;8;Junio;2023;Jueves;2
1247;9/06/2023;9;Junio;2023;Viernes;2
1248;10/06/2023;10;Junio;2023;Sábado;2
1249;11/06/2023;11;Junio;2023;Domingo;2
1250;12/06/2023;12;Junio;2023;Lunes;2
1251;13/06/2023;13;Junio;2023;Martes;2
1252;14/06/2023;14;Junio;2023;Miércoles;2
1253;15/06/2023;15;Junio;2023;Jueves;2
1254;16/06/2023;16;Junio;2023;Viernes;2
1255;17/06/2023;17;Junio;2023;Sábado;2
1256;18/06/2023;18;Junio;2023;Domingo;2
1257;19/06/2023;19;Junio;2023;Lunes;2
1258;20/06/2023;20;Junio;2023;Martes;2
1259;21/06/2023;21;Junio;2023;Miércoles;2
1260;22/06/2023;22;Junio;2023;Jueves;2
1261;23/06/2023;23;Junio;2023;Viernes;2
1262;24/06/2023;24;Junio;2023;Sábado;2
1263;25/06/2023;25;Junio;2023;Domingo;2
1264;26/06/2023;26;Junio;2023;Lunes;2
1265;27/06/2023;27;Junio;2023;Martes;2
1266;28/06/2023;28;Junio;2023;Miércoles;2
1267;29/06/2023;29;Junio;2023;Jueves;2
1268;30/06/2023;30;Junio;2023;Viernes;2
1269;1/07/2023;1;Julio;2023;Sábado;3
1270;2/07/2023;2;Julio;2023;Domingo;3
1271;3/07/2023;3;Julio;2023;Lunes;3
1272;4/07/2023;4;Julio;2023;Martes;3
1273;5/07/2023;5;Julio;2023;Miércoles;3
1274;6/07/2023;6;Julio;2023;Jueves;3
1275;7/07/2023;7;Julio;2023;Viernes;3
1276;8/07/2023;8;Julio;2023;Sábado;3
1277;9/07/2023;9;Julio;2023;Domingo;3
1278;10/07/2023;10;Julio;2023;Lunes;3
1279;11/07/2023;11;Julio;2023;Martes;3
1280;12/07/2023;12;Julio;2023;Miércoles;3
1281;13/07/2023;13;Julio;2023;Jueves;3
1282;14/07/2023;14;Julio;2023;Viernes;3
1283;15/07/2023;15;Julio;2023;Sábado;3
1284;16/07/2023;16;Julio;2023;Domingo;3
1285;17/07/2023;17;Julio;2023;Lunes;3
1286;18/07/2023;18;Julio;2023;Martes;3
1287;19/07/2023;19;Julio;2023;Miércoles;3
1288;20/07/2023;20;Julio;2023;Jueves;3
1289;21/07/2023;21;Julio;2023;Viernes;3
1290;22/07/2023;22;Julio;2023;Sábado;3
1291;23/07/2023;23;Julio;2023;Domingo;3
1292;24/07/2023;24;Julio;2023;Lunes;3
1293;25/07/2023;25;Julio;2023;Martes;3
1294;26/07/2023;26;Julio;2023;Miércoles;3
1295;27/07/2023;27;Julio;2023;Jueves;3
1296;28/07/2023;28;Julio;2023;Viernes;3
1297;29/07/2023;29;Julio;2023;Sábado;3
1298;30/07/2023;30;Julio;2023;Domingo;3
1299;31/07/2023;31;Julio;2023;Lunes;3
1300;1/08/2023;1;Agosto;2023;Martes;3
1301;2/08/2023;2;Agosto;2023;Miércoles;3
1302;3/08/2023;3;Agosto;2023;Jueves;3
1303;4/08/2023;4;Agosto;2023;Viernes;3
1304;5/08/2023;5;Agosto;2023;Sábado;3
1305;6/08/2023;6;Agosto;2023;Domingo;3
1306;7/08/2023;7;Agosto;2023;Lunes;3
1307;8/08/2023;8;Agosto;2023;Martes;3
1308;9/08/2023;9;Agosto;2023;Miércoles;3
1309;10/08/2023;10;Agosto;2023;Jueves;3
1310;11/08/2023;11;Agosto;2023;Viernes;3
1311;12/08/2023;12;Agosto;2023;Sábado;3
1312;13/08/2023;13;Agosto;2023;Domingo;3
1313;14/08/2023;14;Agosto;2023;Lunes;3
1314;15/08/2023;15;Agosto;2023;Martes;3
1315;16/08/2023;16;Agosto;2023;Miércoles;3
1316;17/08/2023;17;Agosto;2023;Jueves;3
1317;18/08/2023;18;Agosto;2023;Viernes;3
1318;19/08/2023;19;Agosto;2023;Sábado;3
1319;20/08/2023;20;Agosto;2023;Domingo;3
1320;21/08/2023;21;Agosto;2023;Lunes;3
1321;22/08/2023;22;Agosto;2023;Martes;3
1322;23/08/2023;23;Agosto;2023;Miércoles;3
1323;24/08/2023;24;Agosto;2023;Jueves;3
1324;25/08/2023;25;Agosto;2023;Viernes;3
1325;26/08/2023;26;Agosto;2023;Sábado;3
1326;27/08/2023;27;Agosto;2023;Domingo;3
1327;28/08/2023;28;Agosto;2023;Lunes;3
1328;29/08/2023;29;Agosto;2023;Martes;3
1329;30/08/2023;30;Agosto;2023;Miércoles;3
1330;31/08/2023;31;Agosto;2023;Jueves;3
1331;1/09/2023;1;Septiembre;2023;Viernes;3
1332;2/09/2023;2;Septiembre;2023;Sábado;3
1333;3/09/2023;3;Septiembre;2023;Domingo;3
1334;4/09/2023;4;Septiembre;2023;Lunes;3
1335;5/09/2023;5;Septiembre;2023;Martes;3
1336;6/09/2023;6;Septiembre;2023;Miércoles;3
1337;7/09/2023;7;Septiembre;2023;Jueves;3
1338;8/09/2023;8;Septiembre;2023;Viernes;3
1339;9/09/2023;9;Septiembre;2023;Sábado;3
1340;10/09/2023;10;Septiembre;2023;Domingo;3
1341;11/09/2023;11;Septiembre;2023;Lunes;3
1342;12/09/2023;12;Septiembre;2023;Martes;3
1343;13/09/2023;13;Septiembre;2023;Miércoles;3
1344;14/09/2023;14;Septiembre;2023;Jueves;3
1345;15/09/2023;15;Septiembre;2023;Viernes;3
1346;16/09/2023;16;Septiembre;2023;Sábado;3
1347;17/09/2023;17;Septiembre;2023;Domingo;3
1348;18/09/2023;18;Septiembre;2023;Lunes;3
1349;19/09/2023;19;Septiembre;2023;Martes;3
1350;20/09/2023;20;Septiembre;2023;Miércoles;3
1351;21/09/2023;21;Septiembre;2023;Jueves;3
1352;22/09/2023;22;Septiembre;2023;Viernes;3
1353;23/09/2023;23;Septiembre;2023;Sábado;3
1354;24/09/2023;24;Septiembre;2023;Domingo;3
1355;25/09/2023;25;Septiembre;2023;Lunes;3
1356;26/09/2023;26;Septiembre;2023;Martes;3
1357;27/09/2023;27;Septiembre;2023;Miércoles;3
1358;28/09/2023;28;Septiembre;2023;Jueves;3
1359;29/09/2023;29;Septiembre;2023;Viernes;3
1360;30/09/2023;30;Septiembre;2023;Sábado;3
1361;1/10/2023;1;Octubre;2023;Domingo;4
1362;2/10/2023;2;Octubre;2023;Lunes;4
1363;3/10/2023;3;Octubre;2023;Martes;4
1364;4/10/2023;4;Octubre;2023;Miércoles;4
1365;5/10/2023;5;Octubre;2023;Jueves;4
1366;6/10/2023;6;Octubre;2023;Viernes;4
1367;7/10/2023;7;Octubre;2023;Sábado;4
1368;8/10/2023;8;Octubre;2023;Domingo;4
1369;9/10/2023;9;Octubre;2023;Lunes;4
1370;10/10/2023;10;Octubre;2023;Martes;4
1371;11/10/2023;11;Octubre;2023;Miércoles;4
1372;12/10/2023;12;Octubre;2023;Jueves;4
1373;13/10/2023;13;Octubre;2023;Viernes;4
1374;14/10/2023;14;Octubre;2023;Sábado;4
1375;15/10/2023;15;Octubre;2023;Domingo;4
1376;16/10/2023;16;Octubre;2023;Lunes;4
1377;17/10/2023;17;Octubre;2023;Martes;4
1378;18/10/2023;18;Octubre;2023;Miércoles;4
1379;19/10/2023;19;Octubre;2023;Jueves;4
1380;20/10/2023;20;Octubre;2023;Viernes;4
1381;21/10/2023;21;Octubre;2023;Sábado;4
1382;22/10/2023;22;Octubre;2023;Domingo;4
1383;23/10/2023;23;Octubre;2023;Lunes;4
1384;24/10/2023;24;Octubre;2023;Martes;4
1385;25/10/2023;25;Octubre;2023;Miércoles;4
1386;26/10/2023;26;Octubre;2023;Jueves;4
1387;27/10/2023;27;Octubre;2023;Viernes;4
1388;28/10/2023;28;Octubre;2023;Sábado;4
1389;29/10/2023;29;Octubre;2023;Domingo;4
1390;30/10/2023;30;Octubre;2023;Lunes;4
1391;31/10/2023;31;Octubre;2023;Martes;4
1392;1/11/2023;1;Noviembre;2023;Miércoles;4
1393;2/11/2023;2;Noviembre;2023;Jueves;4
1394;3/11/2023;3;Noviembre;2023;Viernes;4
1395;4/11/2023;4;Noviembre;2023;Sábado;4
1396;5/11/2023;5;Noviembre;2023;Domingo;4
1397;6/11/2023;6;Noviembre;2023;Lunes;4
1398;7/11/2023;7;Noviembre;2023;Martes;4
1399;8/11/2023;8;Noviembre;2023;Miércoles;4
1400;9/11/2023;9;Noviembre;2023;Jueves;4
1401;10/11/2023;10;Noviembre;2023;Viernes;4
1402;11/11/2023;11;Noviembre;2023;Sábado;4
1403;12/11/2023;12;Noviembre;2023;Domingo;4
1404;13/11/2023;13;Noviembre;2023;Lunes;4
1405;14/11/2023;14;Noviembre;2023;Martes;4
1406;15/11/2023;15;Noviembre;2023;Miércoles;4
1407;16/11/2023;16;Noviembre;2023;Jueves;4
1408;17/11/2023;17;Noviembre;2023;Viernes;4
1409;18/11/2023;18;Noviembre;2023;Sábado;4
1410;19/11/2023;19;Noviembre;2023;Domingo;4
1411;20/11/2023;20;Noviembre;2023;Lunes;4
1412;21/11/2023;21;Noviembre;2023;Martes;4
1413;22/11/2023;22;Noviembre;2023;Miércoles;4
1414;23/11/2023;23;Noviembre;2023;Jueves;4
1415;24/11/2023;24;Noviembre;2023;Viernes;4
1416;25/11/2023;25;Noviembre;2023;Sábado;4
1417;26/11/2023;26;Noviembre;2023;Domingo;4
1418;27/11/2023;27;Noviembre;2023;Lunes;4
1419;28/11/2023;28;Noviembre;2023;Martes;4
1420;29/11/2023;29;Noviembre;2023;Miércoles;4
1421;30/11/2023;30;Noviembre;2023;Jueves;4
1422;1/12/2023;1;Diciembre;2023;Viernes;4
1423;2/12/2023;2;Diciembre;2023;Sábado;4
1424;3/12/2023;3;Diciembre;2023;Domingo;4
1425;4/12/2023;4;Diciembre;2023;Lunes;4
1426;5/12/2023;5;Diciembre;2023;Martes;4
1427;6/12/2023;6;Diciembre;2023;Miércoles;4
1428;7/12/2023;7;Diciembre;2023;Jueves;4
1429;8/12/2023;8;Diciembre;2023;Viernes;4
1430;9/12/2023;9;Diciembre;2023;Sábado;4
1431;10/12/2023;10;Diciembre;2023;Domingo;4
1432;11/12/2023;11;Diciembre;2023;Lunes;4
1433;12/12/2023;12;Diciembre;2023;Martes;4
1434;13/12/2023;13;Diciembre;2023;Miércoles;4
1435;14/12/2023;14;Diciembre;2023;Jueves;4
1436;15/12/2023;15;Diciembre;2023;Viernes;4
1437;16/12/2023;16;Diciembre;2023;Sábado;4
1438;17/12/2023;17;Diciembre;2023;Domingo;4
1439;18/12/2023;18;Diciembre;2023;Lunes;4
1440;19/12/2023;19;Diciembre;2023;Martes;4
1441;20/12/2023;20;Diciembre;2023;Miércoles;4
1442;21/12/2023;21;Diciembre;2023;Jueves;4
1443;22/12/2023;22;Diciembre;2023;Viernes;4
1444;23/12/2023;23;Diciembre;2023;Sábado;4
1445;24/12/2023;24;Diciembre;2023;Domingo;4
1446;25/12/2023;25;Diciembre;2023;Lunes;4
1447;26/12/2023;26;Diciembre;2023;Martes;4
1448;27/12/2023;27;Diciembre;2023;Miércoles;4
1449;28/12/2023;28;Diciembre;2023;Jueves;4
1450;29/12/2023;29;Diciembre;2023;Viernes;4
1451;30/12/2023;30;Diciembre;2023;Sábado;4
1452;31/12/2023;31;Diciembre;2023;Domingo;4
1453;1/01/2024;1;Enero;2024;Lunes;1
1454;2/01/2024;2;Enero;2024;Martes;1
1455;3/01/2024;3;Enero;2024;Miércoles;1
1456;4/01/2024;4;Enero;2024;Jueves;1
1457;5/01/2024;5;Enero;2024;Viernes;1
1458;6/01/2024;6;Enero;2024;Sábado;1
1459;7/01/2024;7;Enero;2024;Domingo;1
1460;8/01/2024;8;Enero;2024;Lunes;1
1461;9/01/2024;9;Enero;2024;Martes;1
1462;10/01/2024;10;Enero;2024;Miércoles;1
1463;11/01/2024;11;Enero;2024;Jueves;1
1464;12/01/2024;12;Enero;2024;Viernes;1
1465;13/01/2024;13;Enero;2024;Sábado;1
1466;14/01/2024;14;Enero;2024;Domingo;1
1467;15/01/2024;15;Enero;2024;Lunes;1
1468;16/01/2024;16;Enero;2024;Martes;1
1469;17/01/2024;17;Enero;2024;Miércoles;1
1470;18/01/2024;18;Enero;2024;Jueves;1
1471;19/01/2024;19;Enero;2024;Viernes;1
1472;20/01/2024;20;Enero;2024;Sábado;1
1473;21/01/2024;21;Enero;2024;Domingo;1
1474;22/01/2024;22;Enero;2024;Lunes;1
1475;23/01/2024;23;Enero;2024;Martes;1
1476;24/01/2024;24;Enero;2024;Miércoles;1
1477;25/01/2024;25;Enero;2024;Jueves;1
1478;26/01/2024;26;Enero;2024;Viernes;1
1479;27/01/2024;27;Enero;2024;Sábado;1
1480;28/01/2024;28;Enero;2024;Domingo;1
1481;29/01/2024;29;Enero;2024;Lunes;1
1482;30/01/2024;30;Enero;2024;Martes;1
1483;31/01/2024;31;Enero;2024;Miércoles;1
1484;1/02/2024;1;Febrero;2024;Jueves;1
1485;2/02/2024;2;Febrero;2024;Viernes;1
1486;3/02/2024;3;Febrero;2024;Sábado;1
1487;4/02/2024;4;Febrero;2024;Domingo;1
1488;5/02/2024;5;Febrero;2024;Lunes;1
1489;6/02/2024;6;Febrero;2024;Martes;1
1490;7/02/2024;7;Febrero;2024;Miércoles;1
1491;8/02/2024;8;Febrero;2024;Jueves;1
1492;9/02/2024;9;Febrero;2024;Viernes;1
1493;10/02/2024;10;Febrero;2024;Sábado;1
1494;11/02/2024;11;Febrero;2024;Domingo;1
1495;12/02/2024;12;Febrero;2024;Lunes;1
1496;13/02/2024;13;Febrero;2024;Martes;1
1497;14/02/2024;14;Febrero;2024;Miércoles;1
1498;15/02/2024;15;Febrero;2024;Jueves;1
1499;16/02/2024;16;Febrero;2024;Viernes;1
1500;17/02/2024;17;Febrero;2024;Sábado;1
1501;18/02/2024;18;Febrero;2024;Domingo;1
1502;19/02/2024;19;Febrero;2024;Lunes;1
1503;20/02/2024;20;Febrero;2024;Martes;1
1504;21/02/2024;21;Febrero;2024;Miércoles;1
1505;22/02/2024;22;Febrero;2024;Jueves;1
1506;23/02/2024;23;Febrero;2024;Viernes;1
1507;24/02/2024;24;Febrero;2024;Sábado;1
1508;25/02/2024;25;Febrero;2024;Domingo;1
1509;26/02/2024;26;Febrero;2024;Lunes;1
1510;27/02/2024;27;Febrero;2024;Martes;1
1511;28/02/2024;28;Febrero;2024;Miércoles;1
1512;29/02/2024;29;Febrero;2024;Jueves;1
1513;1/03/2024;1;Marzo;2024;Viernes;1
1514;2/03/2024;2;Marzo;2024;Sábado;1
1515;3/03/2024;3;Marzo;2024;Domingo;1
1516;4/03/2024;4;Marzo;2024;Lunes;1
1517;5/03/2024;5;Marzo;2024;Martes;1
1518;6/03/2024;6;Marzo;2024;Miércoles;1
1519;7/03/2024;7;Marzo;2024;Jueves;1
1520;8/03/2024;8;Marzo;2024;Viernes;1
1521;9/03/2024;9;Marzo;2024;Sábado;1
1522;10/03/2024;10;Marzo;2024;Domingo;1
1523;11/03/2024;11;Marzo;2024;Lunes;1
1524;12/03/2024;12;Marzo;2024;Martes;1
1525;13/03/2024;13;Marzo;2024;Miércoles;1
1526;14/03/2024;14;Marzo;2024;Jueves;1
1527;15/03/2024;15;Marzo;2024;Viernes;1
1528;16/03/2024;16;Marzo;2024;Sábado;1
1529;17/03/2024;17;Marzo;2024;Domingo;1
1530;18/03/2024;18;Marzo;2024;Lunes;1
1531;19/03/2024;19;Marzo;2024;Martes;1
1532;20/03/2024;20;Marzo;2024;Miércoles;1
1533;21/03/2024;21;Marzo;2024;Jueves;1
1534;22/03/2024;22;Marzo;2024;Viernes;1
1535;23/03/2024;23;Marzo;2024;Sábado;1
1536;24/03/2024;24;Marzo;2024;Domingo;1
1537;25/03/2024;25;Marzo;2024;Lunes;1
1538;26/03/2024;26;Marzo;2024;Martes;1
1539;27/03/2024;27;Marzo;2024;Miércoles;1
1540;28/03/2024;28;Marzo;2024;Jueves;1
1541;29/03/2024;29;Marzo;2024;Viernes;1
1542;30/03/2024;30;Marzo;2024;Sábado;1
1543;31/03/2024;31;Marzo;2024;Domingo;1
1544;1/04/2024;1;Abril;2024;Lunes;2
1545;2/04/2024;2;Abril;2024;Martes;2
1546;3/04/2024;3;Abril;2024;Miércoles;2
1547;4/04/2024;4;Abril;2024;Jueves;2
1548;5/04/2024;5;Abril;2024;Viernes;2
1549;6/04/2024;6;Abril;2024;Sábado;2
1550;7/04/2024;7;Abril;2024;Domingo;2
1551;8/04/2024;8;Abril;2024;Lunes;2
1552;9/04/2024;9;Abril;2024;Martes;2
1553;10/04/2024;10;Abril;2024;Miércoles;2
1554;11/04/2024;11;Abril;2024;Jueves;2
1555;12/04/2024;12;Abril;2024;Viernes;2
1556;13/04/2024;13;Abril;2024;Sábado;2
1557;14/04/2024;14;Abril;2024;Domingo;2
1558;15/04/2024;15;Abril;2024;Lunes;2
1559;16/04/2024;16;Abril;2024;Martes;2
1560;17/04/2024;17;Abril;2024;Miércoles;2
1561;18/04/2024;18;Abril;2024;Jueves;2
1562;19/04/2024;19;Abril;2024;Viernes;2
1563;20/04/2024;20;Abril;2024;Sábado;2
1564;21/04/2024;21;Abril;2024;Domingo;2
1565;22/04/2024;22;Abril;2024;Lunes;2
1566;23/04/2024;23;Abril;2024;Martes;2
1567;24/04/2024;24;Abril;2024;Miércoles;2
1568;25/04/2024;25;Abril;2024;Jueves;2
1569;26/04/2024;26;Abril;2024;Viernes;2
1570;27/04/2024;27;Abril;2024;Sábado;2
1571;28/04/2024;28;Abril;2024;Domingo;2
1572;29/04/2024;29;Abril;2024;Lunes;2
1573;30/04/2024;30;Abril;2024;Martes;2
1574;1/05/2024;1;Mayo;2024;Miércoles;2
1575;2/05/2024;2;Mayo;2024;Jueves;2
1576;3/05/2024;3;Mayo;2024;Viernes;2
1577;4/05/2024;4;Mayo;2024;Sábado;2
1578;5/05/2024;5;Mayo;2024;Domingo;2
1579;6/05/2024;6;Mayo;2024;Lunes;2
1580;7/05/2024;7;Mayo;2024;Martes;2
1581;8/05/2024;8;Mayo;2024;Miércoles;2
1582;9/05/2024;9;Mayo;2024;Jueves;2
1583;10/05/2024;10;Mayo;2024;Viernes;2
1584;11/05/2024;11;Mayo;2024;Sábado;2
1585;12/05/2024;12;Mayo;2024;Domingo;2
1586;13/05/2024;13;Mayo;2024;Lunes;2
1587;14/05/2024;14;Mayo;2024;Martes;2
1588;15/05/2024;15;Mayo;2024;Miércoles;2
1589;16/05/2024;16;Mayo;2024;Jueves;2
1590;17/05/2024;17;Mayo;2024;Viernes;2
1591;18/05/2024;18;Mayo;2024;Sábado;2
1592;19/05/2024;19;Mayo;2024;Domingo;2
1593;20/05/2024;20;Mayo;2024;Lunes;2
1594;21/05/2024;21;Mayo;2024;Martes;2
1595;22/05/2024;22;Mayo;2024;Miércoles;2
1596;23/05/2024;23;Mayo;2024;Jueves;2
1597;24/05/2024;24;Mayo;2024;Viernes;2
1598;25/05/2024;25;Mayo;2024;Sábado;2
1599;26/05/2024;26;Mayo;2024;Domingo;2
1600;27/05/2024;27;Mayo;2024;Lunes;2
1601;28/05/2024;28;Mayo;2024;Martes;2
1602;29/05/2024;29;Mayo;2024;Miércoles;2
1603;30/05/2024;30;Mayo;2024;Jueves;2
1604;31/05/2024;31;Mayo;2024;Viernes;2
1605;1/06/2024;1;Junio;2024;Sábado;2
1606;2/06/2024;2;Junio;2024;Domingo;2
1607;3/06/2024;3;Junio;2024;Lunes;2
1608;4/06/2024;4;Junio;2024;Martes;2
1609;5/06/2024;5;Junio;2024;Miércoles;2
1610;6/06/2024;6;Junio;2024;Jueves;2
1611;7/06/2024;7;Junio;2024;Viernes;2
1612;8/06/2024;8;Junio;2024;Sábado;2
1613;9/06/2024;9;Junio;2024;Domingo;2
1614;10/06/2024;10;Junio;2024;Lunes;2
1615;11/06/2024;11;Junio;2024;Martes;2
1616;12/06/2024;12;Junio;2024;Miércoles;2
1617;13/06/2024;13;Junio;2024;Jueves;2
1618;14/06/2024;14;Junio;2024;Viernes;2
1619;15/06/2024;15;Junio;2024;Sábado;2
1620;16/06/2024;16;Junio;2024;Domingo;2
1621;17/06/2024;17;Junio;2024;Lunes;2
1622;18/06/2024;18;Junio;2024;Martes;2
1623;19/06/2024;19;Junio;2024;Miércoles;2
1624;20/06/2024;20;Junio;2024;Jueves;2
1625;21/06/2024;21;Junio;2024;Viernes;2
1626;22/06/2024;22;Junio;2024;Sábado;2
1627;23/06/2024;23;Junio;2024;Domingo;2
1628;24/06/2024;24;Junio;2024;Lunes;2
1629;25/06/2024;25;Junio;2024;Martes;2
1630;26/06/2024;26;Junio;2024;Miércoles;2
1631;27/06/2024;27;Junio;2024;Jueves;2
1632;28/06/2024;28;Junio;2024;Viernes;2
1633;29/06/2024;29;Junio;2024;Sábado;2
1634;30/06/2024;30;Junio;2024;Domingo;2
1635;1/07/2024;1;Julio;2024;Lunes;3
1636;2/07/2024;2;Julio;2024;Martes;3
1637;3/07/2024;3;Julio;2024;Miércoles;3
1638;4/07/2024;4;Julio;2024;Jueves;3
1639;5/07/2024;5;Julio;2024;Viernes;3
1640;6/07/2024;6;Julio;2024;Sábado;3
1641;7/07/2024;7;Julio;2024;Domingo;3
1642;8/07/2024;8;Julio;2024;Lunes;3
1643;9/07/2024;9;Julio;2024;Martes;3
1644;10/07/2024;10;Julio;2024;Miércoles;3
1645;11/07/2024;11;Julio;2024;Jueves;3
1646;12/07/2024;12;Julio;2024;Viernes;3
1647;13/07/2024;13;Julio;2024;Sábado;3
1648;14/07/2024;14;Julio;2024;Domingo;3
1649;15/07/2024;15;Julio;2024;Lunes;3
1650;16/07/2024;16;Julio;2024;Martes;3
1651;17/07/2024;17;Julio;2024;Miércoles;3
1652;18/07/2024;18;Julio;2024;Jueves;3
1653;19/07/2024;19;Julio;2024;Viernes;3
1654;20/07/2024;20;Julio;2024;Sábado;3
1655;21/07/2024;21;Julio;2024;Domingo;3
1656;22/07/2024;22;Julio;2024;Lunes;3
1657;23/07/2024;23;Julio;2024;Martes;3
1658;24/07/2024;24;Julio;2024;Miércoles;3
1659;25/07/2024;25;Julio;2024;Jueves;3
1660;26/07/2024;26;Julio;2024;Viernes;3
1661;27/07/2024;27;Julio;2024;Sábado;3
1662;28/07/2024;28;Julio;2024;Domingo;3
1663;29/07/2024;29;Julio;2024;Lunes;3
1664;30/07/2024;30;Julio;2024;Martes;3
1665;31/07/2024;31;Julio;2024;Miércoles;3
1666;1/08/2024;1;Agosto;2024;Jueves;3
1667;2/08/2024;2;Agosto;2024;Viernes;3
1668;3/08/2024;3;Agosto;2024;Sábado;3
1669;4/08/2024;4;Agosto;2024;Domingo;3
1670;5/08/2024;5;Agosto;2024;Lunes;3
1671;6/08/2024;6;Agosto;2024;Martes;3
1672;7/08/2024;7;Agosto;2024;Miércoles;3
1673;8/08/2024;8;Agosto;2024;Jueves;3
1674;9/08/2024;9;Agosto;2024;Viernes;3
1675;10/08/2024;10;Agosto;2024;Sábado;3
1676;11/08/2024;11;Agosto;2024;Domingo;3
1677;12/08/2024;12;Agosto;2024;Lunes;3
1678;13/08/2024;13;Agosto;2024;Martes;3
1679;14/08/2024;14;Agosto;2024;Miércoles;3
1680;15/08/2024;15;Agosto;2024;Jueves;3
1681;16/08/2024;16;Agosto;2024;Viernes;3
1682;17/08/2024;17;Agosto;2024;Sábado;3
1683;18/08/2024;18;Agosto;2024;Domingo;3
1684;19/08/2024;19;Agosto;2024;Lunes;3
1685;20/08/2024;20;Agosto;2024;Martes;3
1686;21/08/2024;21;Agosto;2024;Miércoles;3
1687;22/08/2024;22;Agosto;2024;Jueves;3
1688;23/08/2024;23;Agosto;2024;Viernes;3
1689;24/08/2024;24;Agosto;2024;Sábado;3
1690;25/08/2024;25;Agosto;2024;Domingo;3
1691;26/08/2024;26;Agosto;2024;Lunes;3
1692;27/08/2024;27;Agosto;2024;Martes;3
1693;28/08/2024;28;Agosto;2024;Miércoles;3
1694;29/08/2024;29;Agosto;2024;Jueves;3
1695;30/08/2024;30;Agosto;2024;Viernes;3
1696;31/08/2024;31;Agosto;2024;Sábado;3
1697;1/09/2024;1;Septiembre;2024;Domingo;3
1698;2/09/2024;2;Septiembre;2024;Lunes;3
1699;3/09/2024;3;Septiembre;2024;Martes;3
1700;4/09/2024;4;Septiembre;2024;Miércoles;3
1701;5/09/2024;5;Septiembre;2024;Jueves;3
1702;6/09/2024;6;Septiembre;2024;Viernes;3
1703;7/09/2024;7;Septiembre;2024;Sábado;3
1704;8/09/2024;8;Septiembre;2024;Domingo;3
1705;9/09/2024;9;Septiembre;2024;Lunes;3
1706;10/09/2024;10;Septiembre;2024;Martes;3
1707;11/09/2024;11;Septiembre;2024;Miércoles;3
1708;12/09/2024;12;Septiembre;2024;Jueves;3
1709;13/09/2024;13;Septiembre;2024;Viernes;3
1710;14/09/2024;14;Septiembre;2024;Sábado;3
1711;15/09/2024;15;Septiembre;2024;Domingo;3
1712;16/09/2024;16;Septiembre;2024;Lunes;3
1713;17/09/2024;17;Septiembre;2024;Martes;3
1714;18/09/2024;18;Septiembre;2024;Miércoles;3
1715;19/09/2024;19;Septiembre;2024;Jueves;3
1716;20/09/2024;20;Septiembre;2024;Viernes;3
1717;21/09/2024;21;Septiembre;2024;Sábado;3
1718;22/09/2024;22;Septiembre;2024;Domingo;3
1719;23/09/2024;23;Septiembre;2024;Lunes;3
1720;24/09/2024;24;Septiembre;2024;Martes;3
1721;25/09/2024;25;Septiembre;2024;Miércoles;3
1722;26/09/2024;26;Septiembre;2024;Jueves;3
1723;27/09/2024;27;Septiembre;2024;Viernes;3
1724;28/09/2024;28;Septiembre;2024;Sábado;3
1725;29/09/2024;29;Septiembre;2024;Domingo;3
1726;30/09/2024;30;Septiembre;2024;Lunes;3
1727;1/10/2024;1;Octubre;2024;Martes;4
1728;2/10/2024;2;Octubre;2024;Miércoles;4
1729;3/10/2024;3;Octubre;2024;Jueves;4
1730;4/10/2024;4;Octubre;2024;Viernes;4
1731;5/10/2024;5;Octubre;2024;Sábado;4
1732;6/10/2024;6;Octubre;2024;Domingo;4
1733;7/10/2024;7;Octubre;2024;Lunes;4
1734;8/10/2024;8;Octubre;2024;Martes;4
1735;9/10/2024;9;Octubre;2024;Miércoles;4
1736;10/10/2024;10;Octubre;2024;Jueves;4
1737;11/10/2024;11;Octubre;2024;Viernes;4
1738;12/10/2024;12;Octubre;2024;Sábado;4
1739;13/10/2024;13;Octubre;2024;Domingo;4
1740;14/10/2024;14;Octubre;2024;Lunes;4
1741;15/10/2024;15;Octubre;2024;Martes;4
1742;16/10/2024;16;Octubre;2024;Miércoles;4
1743;17/10/2024;17;Octubre;2024;Jueves;4
1744;18/10/2024;18;Octubre;2024;Viernes;4
1745;19/10/2024;19;Octubre;2024;Sábado;4
1746;20/10/2024;20;Octubre;2024;Domingo;4
1747;21/10/2024;21;Octubre;2024;Lunes;4
1748;22/10/2024;22;Octubre;2024;Martes;4
1749;23/10/2024;23;Octubre;2024;Miércoles;4
1750;24/10/2024;24;Octubre;2024;Jueves;4
1751;25/10/2024;25;Octubre;2024;Viernes;4
1752;26/10/2024;26;Octubre;2024;Sábado;4
1753;27/10/2024;27;Octubre;2024;Domingo;4
1754;28/10/2024;28;Octubre;2024;Lunes;4
1755;29/10/2024;29;Octubre;2024;Martes;4
1756;30/10/2024;30;Octubre;2024;Miércoles;4
1757;31/10/2024;31;Octubre;2024;Jueves;4
1758;1/11/2024;1;Noviembre;2024;Viernes;4
1759;2/11/2024;2;Noviembre;2024;Sábado;4
1760;3/11/2024;3;Noviembre;2024;Domingo;4
1761;4/11/2024;4;Noviembre;2024;Lunes;4
1762;5/11/2024;5;Noviembre;2024;Martes;4
1763;6/11/2024;6;Noviembre;2024;Miércoles;4
1764;7/11/2024;7;Noviembre;2024;Jueves;4
1765;8/11/2024;8;Noviembre;2024;Viernes;4
1766;9/11/2024;9;Noviembre;2024;Sábado;4
1767;10/11/2024;10;Noviembre;2024;Domingo;4
1768;11/11/2024;11;Noviembre;2024;Lunes;4
1769;12/11/2024;12;Noviembre;2024;Martes;4
1770;13/11/2024;13;Noviembre;2024;Miércoles;4
1771;14/11/2024;14;Noviembre;2024;Jueves;4
1772;15/11/2024;15;Noviembre;2024;Viernes;4
1773;16/11/2024;16;Noviembre;2024;Sábado;4
1774;17/11/2024;17;Noviembre;2024;Domingo;4
1775;18/11/2024;18;Noviembre;2024;Lunes;4
1776;19/11/2024;19;Noviembre;2024;Martes;4
1777;20/11/2024;20;Noviembre;2024;Miércoles;4
1778;21/11/2024;21;Noviembre;2024;Jueves;4
1779;22/11/2024;22;Noviembre;2024;Viernes;4
1780;23/11/2024;23;Noviembre;2024;Sábado;4
1781;24/11/2024;24;Noviembre;2024;Domingo;4
1782;25/11/2024;25;Noviembre;2024;Lunes;4
1783;26/11/2024;26;Noviembre;2024;Martes;4
1784;27/11/2024;27;Noviembre;2024;Miércoles;4
1785;28/11/2024;28;Noviembre;2024;Jueves;4
1786;29/11/2024;29;Noviembre;2024;Viernes;4
1787;30/11/2024;30;Noviembre;2024;Sábado;4
1788;1/12/2024;1;Diciembre;2024;Domingo;4
1789;2/12/2024;2;Diciembre;2024;Lunes;4
1790;3/12/2024;3;Diciembre;2024;Martes;4
1791;4/12/2024;4;Diciembre;2024;Miércoles;4
1792;5/12/2024;5;Diciembre;2024;Jueves;4
1793;6/12/2024;6;Diciembre;2024;Viernes;4
1794;7/12/2024;7;Diciembre;2024;Sábado;4
1795;8/12/2024;8;Diciembre;2024;Domingo;4
1796;9/12/2024;9;Diciembre;2024;Lunes;4
1797;10/12/2024;10;Diciembre;2024;Martes;4
1798;11/12/2024;11;Diciembre;2024;Miércoles;4
1799;12/12/2024;12;Diciembre;2024;Jueves;4
1800;13/12/2024;13;Diciembre;2024;Viernes;4
1801;14/12/2024;14;Diciembre;2024;Sábado;4
1802;15/12/2024;15;Diciembre;2024;Domingo;4
1803;16/12/2024;16;Diciembre;2024;Lunes;4
1804;17/12/2024;17;Diciembre;2024;Martes;4
1805;18/12/2024;18;Diciembre;2024;Miércoles;4
1806;19/12/2024;19;Diciembre;2024;Jueves;4
1807;20/12/2024;20;Diciembre;2024;Viernes;4
1808;21/12/2024;21;Diciembre;2024;Sábado;4
1809;22/12/2024;22;Diciembre;2024;Domingo;4
1810;23/12/2024;23;Diciembre;2024;Lunes;4
1811;24/12/2024;24;Diciembre;2024;Martes;4
1812;25/12/2024;25;Diciembre;2024;Miércoles;4
1813;26/12/2024;26;Diciembre;2024;Jueves;4
1814;27/12/2024;27;Diciembre;2024;Viernes;4
1815;28/12/2024;28;Diciembre;2024;Sábado;4
1816;29/12/2024;29;Diciembre;2024;Domingo;4
1817;30/12/2024;30;Diciembre;2024;Lunes;4
1818;31/12/2024;31;Diciembre;2024;Martes;4
1819;1/01/2025;1;Enero;2025;Miércoles;1
1820;2/01/2025;2;Enero;2025;Jueves;1
1821;3/01/2025;3;Enero;2025;Viernes;1
1822;4/01/2025;4;Enero;2025;Sábado;1
1823;5/01/2025;5;Enero;2025;Domingo;1
1824;6/01/2025;6;Enero;2025;Lunes;1
1825;7/01/2025;7;Enero;2025;Martes;1
1826;8/01/2025;8;Enero;2025;Miércoles;1
1827;9/01/2025;9;Enero;2025;Jueves;1
1828;10/01/2025;10;Enero;2025;Viernes;1
1829;11/01/2025;11;Enero;2025;Sábado;1
1830;12/01/2025;12;Enero;2025;Domingo;1
1831;13/01/2025;13;Enero;2025;Lunes;1
1832;14/01/2025;14;Enero;2025;Martes;1
1833;15/01/2025;15;Enero;2025;Miércoles;1
1834;16/01/2025;16;Enero;2025;Jueves;1
1835;17/01/2025;17;Enero;2025;Viernes;1
1836;18/01/2025;18;Enero;2025;Sábado;1
1837;19/01/2025;19;Enero;2025;Domingo;1
1838;20/01/2025;20;Enero;2025;Lunes;1
1839;21/01/2025;21;Enero;2025;Martes;1
1840;22/01/2025;22;Enero;2025;Miércoles;1
1841;23/01/2025;23;Enero;2025;Jueves;1
1842;24/01/2025;24;Enero;2025;Viernes;1
1843;25/01/2025;25;Enero;2025;Sábado;1
1844;26/01/2025;26;Enero;2025;Domingo;1
1845;27/01/2025;27;Enero;2025;Lunes;1
1846;28/01/2025;28;Enero;2025;Martes;1
1847;29/01/2025;29;Enero;2025;Miércoles;1
1848;30/01/2025;30;Enero;2025;Jueves;1
1849;31/01/2025;31;Enero;2025;Viernes;1
1850;1/02/2025;1;Febrero;2025;Sábado;1
1851;2/02/2025;2;Febrero;2025;Domingo;1
1852;3/02/2025;3;Febrero;2025;Lunes;1
1853;4/02/2025;4;Febrero;2025;Martes;1
1854;5/02/2025;5;Febrero;2025;Miércoles;1
1855;6/02/2025;6;Febrero;2025;Jueves;1
1856;7/02/2025;7;Febrero;2025;Viernes;1
1857;8/02/2025;8;Febrero;2025;Sábado;1
1858;9/02/2025;9;Febrero;2025;Domingo;1
1859;10/02/2025;10;Febrero;2025;Lunes;1
1860;11/02/2025;11;Febrero;2025;Martes;1
1861;12/02/2025;12;Febrero;2025;Miércoles;1
1862;13/02/2025;13;Febrero;2025;Jueves;1
1863;14/02/2025;14;Febrero;2025;Viernes;1
1864;15/02/2025;15;Febrero;2025;Sábado;1
1865;16/02/2025;16;Febrero;2025;Domingo;1
1866;17/02/2025;17;Febrero;2025;Lunes;1
1867;18/02/2025;18;Febrero;2025;Martes;1
1868;19/02/2025;19;Febrero;2025;Miércoles;1
1869;20/02/2025;20;Febrero;2025;Jueves;1
1870;21/02/2025;21;Febrero;2025;Viernes;1
1871;22/02/2025;22;Febrero;2025;Sábado;1
1872;23/02/2025;23;Febrero;2025;Domingo;1
1873;24/02/2025;24;Febrero;2025;Lunes;1
1874;25/02/2025;25;Febrero;2025;Martes;1
1875;26/02/2025;26;Febrero;2025;Miércoles;1
1876;27/02/2025;27;Febrero;2025;Jueves;1
1877;28/02/2025;28;Febrero;2025;Viernes;1
1878;1/03/2025;1;Marzo;2025;Sábado;1
1879;2/03/2025;2;Marzo;2025;Domingo;1
1880;3/03/2025;3;Marzo;2025;Lunes;1
1881;4/03/2025;4;Marzo;2025;Martes;1
1882;5/03/2025;5;Marzo;2025;Miércoles;1
1883;6/03/2025;6;Marzo;2025;Jueves;1
1884;7/03/2025;7;Marzo;2025;Viernes;1
1885;8/03/2025;8;Marzo;2025;Sábado;1
1886;9/03/2025;9;Marzo;2025;Domingo;1
1887;10/03/2025;10;Marzo;2025;Lunes;1
1888;11/03/2025;11;Marzo;2025;Martes;1
1889;12/03/2025;12;Marzo;2025;Miércoles;1
1890;13/03/2025;13;Marzo;2025;Jueves;1
1891;14/03/2025;14;Marzo;2025;Viernes;1
1892;15/03/2025;15;Marzo;2025;Sábado;1
1893;16/03/2025;16;Marzo;2025;Domingo;1
1894;17/03/2025;17;Marzo;2025;Lunes;1
1895;18/03/2025;18;Marzo;2025;Martes;1
1896;19/03/2025;19;Marzo;2025;Miércoles;1
1897;20/03/2025;20;Marzo;2025;Jueves;1
1898;21/03/2025;21;Marzo;2025;Viernes;1
1899;22/03/2025;22;Marzo;2025;Sábado;1
1900;23/03/2025;23;Marzo;2025;Domingo;1
1901;24/03/2025;24;Marzo;2025;Lunes;1
1902;25/03/2025;25;Marzo;2025;Martes;1
1903;26/03/2025;26;Marzo;2025;Miércoles;1
1904;27/03/2025;27;Marzo;2025;Jueves;1
1905;28/03/2025;28;Marzo;2025;Viernes;1
1906;29/03/2025;29;Marzo;2025;Sábado;1
1907;30/03/2025;30;Marzo;2025;Domingo;1
1908;31/03/2025;31;Marzo;2025;Lunes;1
1909;1/04/2025;1;Abril;2025;Martes;2
1910;2/04/2025;2;Abril;2025;Miércoles;2
1911;3/04/2025;3;Abril;2025;Jueves;2
1912;4/04/2025;4;Abril;2025;Viernes;2
1913;5/04/2025;5;Abril;2025;Sábado;2
1914;6/04/2025;6;Abril;2025;Domingo;2
1915;7/04/2025;7;Abril;2025;Lunes;2
1916;8/04/2025;8;Abril;2025;Martes;2
1917;9/04/2025;9;Abril;2025;Miércoles;2
1918;10/04/2025;10;Abril;2025;Jueves;2
1919;11/04/2025;11;Abril;2025;Viernes;2
1920;12/04/2025;12;Abril;2025;Sábado;2
1921;13/04/2025;13;Abril;2025;Domingo;2
1922;14/04/2025;14;Abril;2025;Lunes;2
1923;15/04/2025;15;Abril;2025;Martes;2
1924;16/04/2025;16;Abril;2025;Miércoles;2
1925;17/04/2025;17;Abril;2025;Jueves;2
1926;18/04/2025;18;Abril;2025;Viernes;2
1927;19/04/2025;19;Abril;2025;Sábado;2
1928;20/04/2025;20;Abril;2025;Domingo;2
1929;21/04/2025;21;Abril;2025;Lunes;2
1930;22/04/2025;22;Abril;2025;Martes;2
1931;23/04/2025;23;Abril;2025;Miércoles;2
1932;24/04/2025;24;Abril;2025;Jueves;2
1933;25/04/2025;25;Abril;2025;Viernes;2
1934;26/04/2025;26;Abril;2025;Sábado;2
1935;27/04/2025;27;Abril;2025;Domingo;2
1936;28/04/2025;28;Abril;2025;Lunes;2
1937;29/04/2025;29;Abril;2025;Martes;2
1938;30/04/2025;30;Abril;2025;Miércoles;2
1939;1/05/2025;1;Mayo;2025;Jueves;2
1940;2/05/2025;2;Mayo;2025;Viernes;2
1941;3/05/2025;3;Mayo;2025;Sábado;2
1942;4/05/2025;4;Mayo;2025;Domingo;2
1943;5/05/2025;5;Mayo;2025;Lunes;2
1944;6/05/2025;6;Mayo;2025;Martes;2
1945;7/05/2025;7;Mayo;2025;Miércoles;2
1946;8/05/2025;8;Mayo;2025;Jueves;2
1947;9/05/2025;9;Mayo;2025;Viernes;2
1948;10/05/2025;10;Mayo;2025;Sábado;2
1949;11/05/2025;11;Mayo;2025;Domingo;2
1950;12/05/2025;12;Mayo;2025;Lunes;2
1951;13/05/2025;13;Mayo;2025;Martes;2
1952;14/05/2025;14;Mayo;2025;Miércoles;2
1953;15/05/2025;15;Mayo;2025;Jueves;2
1954;16/05/2025;16;Mayo;2025;Viernes;2
1955;17/05/2025;17;Mayo;2025;Sábado;2
1956;18/05/2025;18;Mayo;2025;Domingo;2
1957;19/05/2025;19;Mayo;2025;Lunes;2
1958;20/05/2025;20;Mayo;2025;Martes;2
1959;21/05/2025;21;Mayo;2025;Miércoles;2
1960;22/05/2025;22;Mayo;2025;Jueves;2
1961;23/05/2025;23;Mayo;2025;Viernes;2
1962;24/05/2025;24;Mayo;2025;Sábado;2
1963;25/05/2025;25;Mayo;2025;Domingo;2
1964;26/05/2025;26;Mayo;2025;Lunes;2
1965;27/05/2025;27;Mayo;2025;Martes;2
1966;28/05/2025;28;Mayo;2025;Miércoles;2
1967;29/05/2025;29;Mayo;2025;Jueves;2
1968;30/05/2025;30;Mayo;2025;Viernes;2
1969;31/05/2025;31;Mayo;2025;Sábado;2
1970;1/06/2025;1;Junio;2025;Domingo;2
1971;2/06/2025;2;Junio;2025;Lunes;2
1972;3/06/2025;3;Junio;2025;Martes;2
1973;4/06/2025;4;Junio;2025;Miércoles;2
1974;5/06/2025;5;Junio;2025;Jueves;2
1975;6/06/2025;6;Junio;2025;Viernes;2
1976;7/06/2025;7;Junio;2025;Sábado;2
1977;8/06/2025;8;Junio;2025;Domingo;2
1978;9/06/2025;9;Junio;2025;Lunes;2
1979;10/06/2025;10;Junio;2025;Martes;2
1980;11/06/2025;11;Junio;2025;Miércoles;2
1981;12/06/2025;12;Junio;2025;Jueves;2
1982;13/06/2025;13;Junio;2025;Viernes;2
1983;14/06/2025;14;Junio;2025;Sábado;2
1984;15/06/2025;15;Junio;2025;Domingo;2
1985;16/06/2025;16;Junio;2025;Lunes;2
1986;17/06/2025;17;Junio;2025;Martes;2
1987;18/06/2025;18;Junio;2025;Miércoles;2
1988;19/06/2025;19;Junio;2025;Jueves;2
1989;20/06/2025;20;Junio;2025;Viernes;2
1990;21/06/2025;21;Junio;2025;Sábado;2
1991;22/06/2025;22;Junio;2025;Domingo;2
1992;23/06/2025;23;Junio;2025;Lunes;2
1993;24/06/2025;24;Junio;2025;Martes;2
1994;25/06/2025;25;Junio;2025;Miércoles;2
1995;26/06/2025;26;Junio;2025;Jueves;2
1996;27/06/2025;27;Junio;2025;Viernes;2
1997;28/06/2025;28;Junio;2025;Sábado;2
1998;29/06/2025;29;Junio;2025;Domingo;2
1999;30/06/2025;30;Junio;2025;Lunes;2
2000;1/07/2025;1;Julio;2025;Martes;3
2001;2/07/2025;2;Julio;2025;Miércoles;3
2002;3/07/2025;3;Julio;2025;Jueves;3
2003;4/07/2025;4;Julio;2025;Viernes;3
2004;5/07/2025;5;Julio;2025;Sábado;3
2005;6/07/2025;6;Julio;2025;Domingo;3
2006;7/07/2025;7;Julio;2025;Lunes;3
2007;8/07/2025;8;Julio;2025;Martes;3
2008;9/07/2025;9;Julio;2025;Miércoles;3
2009;10/07/2025;10;Julio;2025;Jueves;3
2010;11/07/2025;11;Julio;2025;Viernes;3
2011;12/07/2025;12;Julio;2025;Sábado;3
2012;13/07/2025;13;Julio;2025;Domingo;3
2013;14/07/2025;14;Julio;2025;Lunes;3
2014;15/07/2025;15;Julio;2025;Martes;3
2015;16/07/2025;16;Julio;2025;Miércoles;3
2016;17/07/2025;17;Julio;2025;Jueves;3
2017;18/07/2025;18;Julio;2025;Viernes;3
2018;19/07/2025;19;Julio;2025;Sábado;3
2019;20/07/2025;20;Julio;2025;Domingo;3
2020;21/07/2025;21;Julio;2025;Lunes;3
2021;22/07/2025;22;Julio;2025;Martes;3
2022;23/07/2025;23;Julio;2025;Miércoles;3
2023;24/07/2025;24;Julio;2025;Jueves;3
2024;25/07/2025;25;Julio;2025;Viernes;3
2025;26/07/2025;26;Julio;2025;Sábado;3
2026;27/07/2025;27;Julio;2025;Domingo;3
2027;28/07/2025;28;Julio;2025;Lunes;3
2028;29/07/2025;29;Julio;2025;Martes;3
2029;30/07/2025;30;Julio;2025;Miércoles;3
2030;31/07/2025;31;Julio;2025;Jueves;3
2031;1/08/2025;1;Agosto;2025;Viernes;3
2032;2/08/2025;2;Agosto;2025;Sábado;3
2033;3/08/2025;3;Agosto;2025;Domingo;3
2034;4/08/2025;4;Agosto;2025;Lunes;3
2035;5/08/2025;5;Agosto;2025;Martes;3
2036;6/08/2025;6;Agosto;2025;Miércoles;3
2037;7/08/2025;7;Agosto;2025;Jueves;3
2038;8/08/2025;8;Agosto;2025;Viernes;3
2039;9/08/2025;9;Agosto;2025;Sábado;3
2040;10/08/2025;10;Agosto;2025;Domingo;3
2041;11/08/2025;11;Agosto;2025;Lunes;3
2042;12/08/2025;12;Agosto;2025;Martes;3
2043;13/08/2025;13;Agosto;2025;Miércoles;3
2044;14/08/2025;14;Agosto;2025;Jueves;3
2045;15/08/2025;15;Agosto;2025;Viernes;3
2046;16/08/2025;16;Agosto;2025;Sábado;3
2047;17/08/2025;17;Agosto;2025;Domingo;3
2048;18/08/2025;18;Agosto;2025;Lunes;3
2049;19/08/2025;19;Agosto;2025;Martes;3
2050;20/08/2025;20;Agosto;2025;Miércoles;3
2051;21/08/2025;21;Agosto;2025;Jueves;3
2052;22/08/2025;22;Agosto;2025;Viernes;3
2053;23/08/2025;23;Agosto;2025;Sábado;3
2054;24/08/2025;24;Agosto;2025;Domingo;3
2055;25/08/2025;25;Agosto;2025;Lunes;3
2056;26/08/2025;26;Agosto;2025;Martes;3
2057;27/08/2025;27;Agosto;2025;Miércoles;3
2058;28/08/2025;28;Agosto;2025;Jueves;3
2059;29/08/2025;29;Agosto;2025;Viernes;3
2060;30/08/2025;30;Agosto;2025;Sábado;3
2061;31/08/2025;31;Agosto;2025;Domingo;3
2062;1/09/2025;1;Septiembre;2025;Lunes;3
2063;2/09/2025;2;Septiembre;2025;Martes;3
2064;3/09/2025;3;Septiembre;2025;Miércoles;3
2065;4/09/2025;4;Septiembre;2025;Jueves;3
2066;5/09/2025;5;Septiembre;2025;Viernes;3
2067;6/09/2025;6;Septiembre;2025;Sábado;3
2068;7/09/2025;7;Septiembre;2025;Domingo;3
2069;8/09/2025;8;Septiembre;2025;Lunes;3
2070;9/09/2025;9;Septiembre;2025;Martes;3
2071;10/09/2025;10;Septiembre;2025;Miércoles;3
2072;11/09/2025;11;Septiembre;2025;Jueves;3
2073;12/09/2025;12;Septiembre;2025;Viernes;3
2074;13/09/2025;13;Septiembre;2025;Sábado;3
2075;14/09/2025;14;Septiembre;2025;Domingo;3
2076;15/09/2025;15;Septiembre;2025;Lunes;3
2077;16/09/2025;16;Septiembre;2025;Martes;3
2078;17/09/2025;17;Septiembre;2025;Miércoles;3
2079;18/09/2025;18;Septiembre;2025;Jueves;3
2080;19/09/2025;19;Septiembre;2025;Viernes;3
2081;20/09/2025;20;Septiembre;2025;Sábado;3
2082;21/09/2025;21;Septiembre;2025;Domingo;3
2083;22/09/2025;22;Septiembre;2025;Lunes;3
2084;23/09/2025;23;Septiembre;2025;Martes;3
2085;24/09/2025;24;Septiembre;2025;Miércoles;3
2086;25/09/2025;25;Septiembre;2025;Jueves;3
2087;26/09/2025;26;Septiembre;2025;Viernes;3
2088;27/09/2025;27;Septiembre;2025;Sábado;3
2089;28/09/2025;28;Septiembre;2025;Domingo;3
2090;29/09/2025;29;Septiembre;2025;Lunes;3
2091;30/09/2025;30;Septiembre;2025;Martes;3
2092;1/10/2025;1;Octubre;2025;Miércoles;4
2093;2/10/2025;2;Octubre;2025;Jueves;4
2094;3/10/2025;3;Octubre;2025;Viernes;4
2095;4/10/2025;4;Octubre;2025;Sábado;4
2096;5/10/2025;5;Octubre;2025;Domingo;4
2097;6/10/2025;6;Octubre;2025;Lunes;4
2098;7/10/2025;7;Octubre;2025;Martes;4
2099;8/10/2025;8;Octubre;2025;Miércoles;4
2100;9/10/2025;9;Octubre;2025;Jueves;4
2101;10/10/2025;10;Octubre;2025;Viernes;4
2102;11/10/2025;11;Octubre;2025;Sábado;4
2103;12/10/2025;12;Octubre;2025;Domingo;4
2104;13/10/2025;13;Octubre;2025;Lunes;4
2105;14/10/2025;14;Octubre;2025;Martes;4
2106;15/10/2025;15;Octubre;2025;Miércoles;4
2107;16/10/2025;16;Octubre;2025;Jueves;4
2108;17/10/2025;17;Octubre;2025;Viernes;4
2109;18/10/2025;18;Octubre;2025;Sábado;4
2110;19/10/2025;19;Octubre;2025;Domingo;4
2111;20/10/2025;20;Octubre;2025;Lunes;4
2112;21/10/2025;21;Octubre;2025;Martes;4
2113;22/10/2025;22;Octubre;2025;Miércoles;4
2114;23/10/2025;23;Octubre;2025;Jueves;4
2115;24/10/2025;24;Octubre;2025;Viernes;4
2116;25/10/2025;25;Octubre;2025;Sábado;4
2117;26/10/2025;26;Octubre;2025;Domingo;4
2118;27/10/2025;27;Octubre;2025;Lunes;4
2119;28/10/2025;28;Octubre;2025;Martes;4
2120;29/10/2025;29;Octubre;2025;Miércoles;4
2121;30/10/2025;30;Octubre;2025;Jueves;4
2122;31/10/2025;31;Octubre;2025;Viernes;4
2123;1/11/2025;1;Noviembre;2025;Sábado;4
2124;2/11/2025;2;Noviembre;2025;Domingo;4
2125;3/11/2025;3;Noviembre;2025;Lunes;4
2126;4/11/2025;4;Noviembre;2025;Martes;4
2127;5/11/2025;5;Noviembre;2025;Miércoles;4
2128;6/11/2025;6;Noviembre;2025;Jueves;4
2129;7/11/2025;7;Noviembre;2025;Viernes;4
2130;8/11/2025;8;Noviembre;2025;Sábado;4
2131;9/11/2025;9;Noviembre;2025;Domingo;4
2132;10/11/2025;10;Noviembre;2025;Lunes;4
2133;11/11/2025;11;Noviembre;2025;Martes;4
2134;12/11/2025;12;Noviembre;2025;Miércoles;4
2135;13/11/2025;13;Noviembre;2025;Jueves;4
2136;14/11/2025;14;Noviembre;2025;Viernes;4
2137;15/11/2025;15;Noviembre;2025;Sábado;4
2138;16/11/2025;16;Noviembre;2025;Domingo;4
2139;17/11/2025;17;Noviembre;2025;Lunes;4
2140;18/11/2025;18;Noviembre;2025;Martes;4
2141;19/11/2025;19;Noviembre;2025;Miércoles;4
2142;20/11/2025;20;Noviembre;2025;Jueves;4
2143;21/11/2025;21;Noviembre;2025;Viernes;4
2144;22/11/2025;22;Noviembre;2025;Sábado;4
2145;23/11/2025;23;Noviembre;2025;Domingo;4
2146;24/11/2025;24;Noviembre;2025;Lunes;4
2147;25/11/2025;25;Noviembre;2025;Martes;4
2148;26/11/2025;26;Noviembre;2025;Miércoles;4
2149;27/11/2025;27;Noviembre;2025;Jueves;4
2150;28/11/2025;28;Noviembre;2025;Viernes;4
2151;29/11/2025;29;Noviembre;2025;Sábado;4
2152;30/11/2025;30;Noviembre;2025;Domingo;4
2153;1/12/2025;1;Diciembre;2025;Lunes;4
2154;2/12/2025;2;Diciembre;2025;Martes;4
2155;3/12/2025;3;Diciembre;2025;Miércoles;4
2156;4/12/2025;4;Diciembre;2025;Jueves;4
2157;5/12/2025;5;Diciembre;2025;Viernes;4
2158;6/12/2025;6;Diciembre;2025;Sábado;4
2159;7/12/2025;7;Diciembre;2025;Domingo;4
2160;8/12/2025;8;Diciembre;2025;Lunes;4
2161;9/12/2025;9;Diciembre;2025;Martes;4
2162;10/12/2025;10;Diciembre;2025;Miércoles;4
2163;11/12/2025;11;Diciembre;2025;Jueves;4
2164;12/12/2025;12;Diciembre;2025;Viernes;4
2165;13/12/2025;13;Diciembre;2025;Sábado;4
2166;14/12/2025;14;Diciembre;2025;Domingo;4
2167;15/12/2025;15;Diciembre;2025;Lunes;4
2168;16/12/2025;16;Diciembre;2025;Martes;4
2169;17/12/2025;17;Diciembre;2025;Miércoles;4
2170;18/12/2025;18;Diciembre;2025;Jueves;4
2171;19/12/2025;19;Diciembre;2025;Viernes;4
2172;20/12/2025;20;Diciembre;2025;Sábado;4
2173;21/12/2025;21;Diciembre;2025;Domingo;4
2174;22/12/2025;22;Diciembre;2025;Lunes;4
2175;23/12/2025;23;Diciembre;2025;Martes;4
2176;24/12/2025;24;Diciembre;2025;Miércoles;4
2177;25/12/2025;25;Diciembre;2025;Jueves;4
2178;26/12/2025;26;Diciembre;2025;Viernes;4
2179;27/12/2025;27;Diciembre;2025;Sábado;4
2180;28/12/2025;28;Diciembre;2025;Domingo;4
2181;29/12/2025;29;Diciembre;2025;Lunes;4
2182;30/12/2025;30;Diciembre;2025;Martes;4
2183;31/12/2025;31;Diciembre;2025;Miércoles;4
